Year,Week,Player,Position,Game,Points,Pass_Attempts,Pass_Completions,Yards,TD,INT,Two_Pass,Rush_Attempt,Rush_Yards,Rush_TD,Two_Rush,Receptions,Rec_Yards,Rec_TD,Two_Rec,FL,TD
2018,1,Ryan Fitzpatrick,QB,TB@NO,49,28,21,417,4,0,0,12,36,1,0,0,0,0,0,0,0
2018,1,Drew Brees,QB,TB@NO,37,45,37,439,3,0,1,0,0,0,0,0,0,0,0,0,0
2018,1,Patrick Mahomes,QB,KC@LAC,36,27,15,256,4,0,0,5,21,0,0,0,0,0,0,0,0
2018,1,Philip Rivers,QB,KC@LAC,34,51,34,424,3,1,1,0,0,0,0,0,0,0,0,0,0
2018,1,Aaron Rodgers,QB,CHI@GB,30,30,20,286,3,0,0,1,15,0,0,0,0,0,0,0,0
2018,1,Joe Flacco,QB,BUF@BAL,27,34,25,236,3,0,0,2,3,0,0,0,0,0,0,0,0
2018,1,Tom Brady,QB,HOU@NE,27,39,26,277,3,1,0,1,2,0,0,0,0,0,0,0,0
2018,1,Russell Wilson,QB,SEA@DEN,25,33,19,298,3,2,0,2,5,0,0,0,0,0,0,0,0
2018,1,Case Keenum,QB,SEA@DEN,25,39,25,329,3,3,0,0,0,0,0,0,0,0,0,0,0
2018,1,Tyrod Taylor,QB,PIT@CLE,24,40,15,197,1,1,0,8,77,1,0,0,0,0,0,0,0
2018,1,Alex Smith,QB,WAS@ARI,23,30,21,255,2,0,0,8,14,0,0,0,0,0,0,0,0
2018,1,Kirk Cousins,QB,SF@MIN,23,36,20,244,2,0,0,4,26,0,0,0,0,0,0,0,0
2018,1,Andrew Luck,QB,CIN@IND,22,53,39,319,2,1,0,1,7,0,0,0,0,0,0,0,0
2018,1,Jared Goff,QB,LA@OAK,21,33,18,233,2,0,0,1,-1,0,0,0,0,0,0,0,0
2018,1,Andy Dalton,QB,CIN@IND,19,28,21,243,2,1,0,2,8,0,0,0,0,0,0,0,0
2018,1,Ryan Tannehill,QB,TEN@MIA,17,28,20,230,2,2,0,4,4,0,0,0,0,0,0,0,0
2018,1,Cam Newton,QB,DAL@CAR,17,26,17,161,0,0,0,13,58,1,0,0,0,0,0,0,0
2018,1,Sam Darnold,QB,NYJ@DET,17,21,16,198,2,1,0,6,-1,0,0,0,0,0,0,0,0
2018,1,Blake Bortles,QB,JAX@NYG,15,33,18,176,1,1,0,4,42,0,0,0,0,0,0,0,0
2018,1,Deshaun Watson,QB,HOU@NE,14,34,17,176,1,1,0,8,40,0,0,0,0,0,0,1,0
2018,1,Mitchell Trubisky,QB,CHI@GB,14,35,23,171,0,0,0,7,32,1,0,0,0,0,0,1,0
2018,1,Ben Roethlisberger,QB,PIT@CLE,12,41,23,335,1,3,0,3,16,0,0,0,0,0,0,2,0
2018,1,Jimmy Garoppolo,QB,SF@MIN,10,33,15,261,1,3,0,2,6,0,0,0,0,0,0,0,0
2018,1,Matthew Stafford,QB,NYJ@DET,9,46,27,286,1,4,0,1,6,0,0,0,0,0,0,0,0
2018,1,Matt Ryan,QB,ATL@PHI,8,43,21,251,0,1,0,2,8,0,0,0,0,0,0,0,0
2018,1,Dak Prescott,QB,DAL@CAR,8,29,19,170,0,0,0,5,19,0,1,0,0,0,0,1,0
2018,1,Eli Manning,QB,JAX@NYG,6,37,23,224,0,1,0,1,2,0,0,0,0,0,0,0,0
2018,1,Derek Carr,QB,LA@OAK,6,40,29,303,0,3,0,2,1,0,0,0,0,0,0,0,0
2018,1,Josh Allen,QB,BUF@BAL,4,15,6,74,0,0,0,4,26,0,0,0,0,0,0,0,0
2018,1,Lamar Jackson,QB,BUF@BAL,3,4,1,24,0,0,0,7,39,0,0,0,0,0,0,0,0
2018,1,Nick Foles,QB,ATL@PHI,3,34,19,117,0,1,0,1,-1,0,0,1,15,0,0,0,0
2018,1,Sam Bradford,QB,WAS@ARI,3,34,20,153,0,1,0,2,7,0,0,0,0,0,0,1,0
2018,1,Blaine Gabbert,QB,TEN@MIA,2,22,11,117,0,1,0,0,0,0,0,0,0,0,0,0,0
2018,1,Marcus Mariota,QB,TEN@MIA,1,16,9,103,0,2,0,3,15,0,0,0,0,0,0,0,0
2018,1,DeShone Kizer,QB,CHI@GB,-1,7,4,55,0,1,0,0,0,0,0,0,0,0,0,1,0
2018,1,Matt Cassel,QB,NYJ@DET,-2,6,2,14,0,1,0,1,-1,0,0,0,0,0,0,0,0
2018,1,Nathan Peterman,QB,BUF@BAL,-4,18,5,24,0,2,0,1,1,0,0,0,0,0,0,0,0
2018,2,Patrick Mahomes,QB,KC@PIT,50,28,23,326,6,0,0,5,18,0,0,0,0,0,0,0,0
2018,2,Ben Roethlisberger,QB,KC@PIT,44,60,39,452,3,0,1,2,9,1,0,0,0,0,0,0,0
2018,2,Kirk Cousins,QB,MIN@GB,41,48,35,425,4,1,1,2,5,0,0,0,0,0,0,0,0
2018,2,Blake Bortles,QB,NE@JAX,40,45,29,376,4,1,0,6,35,0,0,0,0,0,0,0,0
2018,2,Ryan Fitzpatrick,QB,PHI@TB,38,33,27,402,4,1,0,1,-1,0,0,0,0,0,0,0,0
2018,2,Andy Dalton,QB,BAL@CIN,34,42,24,265,4,0,0,0,0,0,0,0,0,0,0,0,0
2018,2,Matt Ryan,QB,CAR@ATL,33,28,23,272,2,1,0,4,18,2,0,0,0,0,0,0,0
2018,2,Cam Newton,QB,CAR@ATL,33,45,32,335,3,1,0,5,42,0,0,0,0,0,0,0,0
2018,2,Matthew Stafford,QB,DET@SF,30,53,34,347,3,0,0,1,8,0,0,0,0,0,0,1,0
2018,2,Philip Rivers,QB,LAC@BUF,28,27,23,256,3,0,0,3,5,0,0,0,0,0,0,0,0
2018,2,Deshaun Watson,QB,HOU@TEN,26,32,22,310,2,1,0,5,44,0,0,0,0,0,0,0,0
2018,2,Joe Flacco,QB,BAL@CIN,22,55,32,376,2,2,0,3,8,0,0,0,0,0,0,1,0
2018,2,Ryan Tannehill,QB,MIA@NYJ,21,23,17,168,2,0,0,8,44,0,0,0,0,0,0,1,0
2018,2,Drew Brees,QB,CLE@NO,21,35,28,243,2,0,0,1,-1,0,0,0,0,0,0,0,0
2018,2,Tom Brady,QB,NE@JAX,21,35,24,234,2,0,0,3,10,0,0,0,0,0,0,1,0
2018,2,Jared Goff,QB,ARI@LA,20,32,24,354,1,1,1,2,2,0,0,0,0,0,0,0,0
2018,2,Jimmy Garoppolo,QB,DET@SF,20,26,18,206,2,0,0,3,4,0,0,0,0,0,0,0,0
2018,2,Russell Wilson,QB,SEA@CHI,19,36,22,226,2,1,0,3,17,0,0,0,0,0,0,1,0
2018,2,Mitchell Trubisky,QB,SEA@CHI,18,34,25,200,2,2,0,5,24,0,0,0,0,0,0,0,0
2018,2,Nick Foles,QB,PHI@TB,18,48,35,334,1,0,0,3,8,0,0,0,-5,0,0,1,0
2018,2,Aaron Rodgers,QB,MIN@GB,17,42,30,281,1,0,0,3,8,0,0,0,0,0,0,0,0
2018,2,Derek Carr,QB,OAK@DEN,17,32,29,288,1,0,0,0,0,0,0,0,0,0,0,0,0
2018,2,Dak Prescott,QB,NYG@DAL,16,25,16,160,1,0,0,7,45,0,0,0,0,0,0,0,0
2018,2,Eli Manning,QB,NYG@DAL,16,44,33,279,1,0,0,3,4,0,0,0,0,0,0,1,0
2018,2,Tyrod Taylor,QB,CLE@NO,15,30,22,246,1,1,0,4,26,0,0,0,0,0,0,0,0
2018,2,Andrew Luck,QB,IND@WAS,15,31,21,179,2,2,0,4,2,0,0,0,0,0,0,0,0
2018,2,Sam Darnold,QB,MIA@NYJ,15,41,25,334,1,2,0,2,1,0,0,0,0,0,0,0,0
2018,2,Josh Allen,QB,LAC@BUF,14,33,18,245,1,2,0,8,32,0,0,0,0,0,0,0,0
2018,2,Case Keenum,QB,OAK@DEN,13,35,19,222,0,1,0,3,16,1,0,0,0,0,0,0,0
2018,2,Alex Smith,QB,IND@WAS,12,46,33,292,0,0,0,4,14,0,0,0,0,0,0,0,0
2018,2,Blaine Gabbert,QB,HOU@TEN,10,20,13,117,1,0,0,2,2,0,0,0,0,0,0,0,0
2018,2,Sam Bradford,QB,ARI@LA,1,27,17,90,0,1,0,0,0,0,0,0,0,0,0,0,0
2018,2,Geno Smith,QB,LAC@BUF,0,0,0,0,0,0,0,1,-1,0,0,0,0,0,0,0,0
2018,2,Matt Schaub,QB,CAR@ATL,0,0,0,0,0,0,0,1,0,0,0,0,0,0,0,0,0
2018,2,Lamar Jackson,QB,BAL@CIN,0,0,0,0,0,0,0,2,6,0,0,0,0,0,0,0,0
2018,3,Matt Ryan,QB,NO@ATL,49,35,26,374,5,0,2,4,12,0,0,0,0,0,0,0,0
2018,3,Drew Brees,QB,NO@ATL,45,49,39,396,3,0,0,3,7,2,0,0,0,0,0,0,0
2018,3,Cam Newton,QB,CIN@CAR,33,24,15,150,2,0,0,10,36,2,0,0,0,0,0,0,0
2018,3,Ryan Tannehill,QB,OAK@MIA,31,23,17,289,3,0,0,3,26,0,0,0,0,0,0,0,0
2018,3,Jared Goff,QB,LAC@LA,31,36,29,354,3,1,0,3,14,0,0,0,0,0,0,0,0
2018,3,Ben Roethlisberger,QB,PIT@TB,30,38,30,353,3,1,0,4,-1,0,0,0,0,0,0,0,0
2018,3,Patrick Mahomes,QB,SF@KC,30,38,24,314,3,0,0,5,7,0,0,0,0,0,0,0,0
2018,3,Ryan Fitzpatrick,QB,PIT@TB,30,50,30,411,3,3,0,5,27,0,0,0,0,0,0,0,0
2018,3,Deshaun Watson,QB,NYG@HOU,28,40,24,385,2,1,0,5,36,0,0,0,0,0,0,0,0
2018,3,Josh Allen,QB,BUF@MIN,28,22,15,196,1,0,0,10,39,2,0,0,0,0,0,0,0
2018,3,Jimmy Garoppolo,QB,SF@KC,26,30,20,251,2,0,1,3,23,0,0,0,0,0,0,0,0
2018,3,Aaron Rodgers,QB,GB@WAS,23,44,27,265,2,0,0,2,13,0,0,0,0,0,0,0,0
2018,3,Eli Manning,QB,NYG@HOU,23,29,25,297,2,0,0,1,-1,0,0,0,0,0,0,0,0
2018,3,Matthew Stafford,QB,NE@DET,21,36,27,262,2,1,0,1,10,0,0,0,0,0,0,0,0
2018,3,Philip Rivers,QB,LAC@LA,21,30,18,226,2,0,0,0,0,0,0,0,0,0,0,0,0
2018,3,Alex Smith,QB,GB@WAS,20,20,12,220,2,1,0,7,20,0,0,0,0,0,0,0,0
2018,3,Russell Wilson,QB,DAL@SEA,19,26,16,192,2,0,0,2,-1,0,0,0,0,0,0,0,0
2018,3,Andy Dalton,QB,CIN@CAR,18,46,29,352,2,4,0,0,0,0,0,0,0,0,0,0,0
2018,3,Joe Flacco,QB,DEN@BAL,17,40,25,277,1,0,0,4,2,0,0,0,0,0,0,0,0
2018,3,Andrew Luck,QB,IND@PHI,15,40,25,164,1,0,0,1,33,0,0,0,0,0,0,0,0
2018,3,Derek Carr,QB,OAK@MIA,15,39,27,345,1,2,0,2,-2,0,0,0,0,0,0,0,0
2018,3,Carson Wentz,QB,IND@PHI,14,37,25,255,1,1,0,3,10,0,0,0,0,0,0,1,0
2018,3,Kirk Cousins,QB,BUF@MIN,13,55,40,296,1,1,0,2,2,0,0,0,0,0,0,2,0
2018,3,Sam Bradford,QB,CHI@ARI,13,19,13,157,2,2,0,0,0,0,0,0,0,0,0,1,0
2018,3,Dak Prescott,QB,DAL@SEA,10,34,19,168,1,2,0,2,21,0,0,0,0,0,0,0,0
2018,3,Baker Mayfield,QB,NYJ@CLE,10,23,17,201,0,0,0,2,-2,0,0,0,0,0,1,0,0
2018,3,Marcus Mariota,QB,TEN@JAX,9,18,12,100,0,0,0,7,51,0,0,0,0,0,0,0,0
2018,3,Tom Brady,QB,NE@DET,9,26,14,133,1,1,0,1,2,0,0,0,0,0,0,0,0
2018,3,Blake Bortles,QB,TEN@JAX,8,34,21,155,0,0,0,5,27,0,0,0,0,0,0,0,0
2018,3,Mitchell Trubisky,QB,CHI@ARI,5,35,24,220,0,1,0,2,8,0,0,0,0,0,0,1,0
2018,3,Case Keenum,QB,DEN@BAL,5,34,22,192,0,1,0,0,0,0,0,0,0,0,0,0,0
2018,3,Taysom Hill,QB,NO@ATL,3,0,0,0,0,0,0,3,39,0,0,0,0,0,0,0,0
2018,3,Tyrod Taylor,QB,NYJ@CLE,2,14,4,19,0,0,0,4,22,0,0,0,0,0,0,0,0
2018,3,Sam Darnold,QB,NYJ@CLE,2,31,15,169,0,2,0,0,0,0,0,0,0,0,0,0,0
2018,3,Josh Rosen,QB,CHI@ARI,0,7,4,36,0,1,0,1,12,0,0,0,0,0,0,0,0
2018,3,Blaine Gabbert,QB,TEN@JAX,0,3,1,8,0,0,0,0,0,0,0,0,0,0,0,0,0
2018,3,Jacoby Brissett,QB,IND@PHI,0,1,0,0,0,0,0,0,0,0,0,0,0,0,0,0,0
2018,4,Mitchell Trubisky,QB,TB@CHI,55,26,19,354,6,0,0,3,53,0,0,0,0,0,0,0,0
2018,4,Jared Goff,QB,MIN@LA,48,33,26,465,5,0,0,2,7,0,0,0,0,0,0,0,0
2018,4,Andrew Luck,QB,HOU@IND,44,62,40,464,4,0,1,3,11,0,0,0,0,0,0,1,0
2018,4,Derek Carr,QB,CLE@OAK,39,58,35,437,4,2,1,2,1,0,0,0,0,0,0,0,0
2018,4,Kirk Cousins,QB,MIN@LA,37,50,36,422,3,0,1,4,28,0,0,0,0,0,0,1,0
2018,4,Deshaun Watson,QB,HOU@IND,35,42,29,375,2,1,0,6,41,1,0,0,0,0,0,0,0
2018,4,Matt Ryan,QB,CIN@ATL,34,39,29,419,3,0,0,2,5,0,0,0,0,0,0,0,0
2018,4,Marcus Mariota,QB,PHI@TEN,33,43,30,344,2,1,0,10,46,1,0,0,0,0,0,0,0
2018,4,Andy Dalton,QB,CIN@ATL,30,41,29,337,3,1,0,2,13,0,0,0,0,0,0,0,0
2018,4,Philip Rivers,QB,SF@LAC,28,39,25,250,3,1,1,4,-3,0,0,0,0,0,0,0,0
2018,4,Blake Bortles,QB,NYJ@JAX,27,38,29,388,2,1,0,3,28,0,0,0,0,0,0,0,0
2018,4,Joe Flacco,QB,BAL@PIT,26,42,28,363,2,0,0,2,-3,0,0,0,0,0,0,0,0
2018,4,Carson Wentz,QB,PHI@TEN,24,50,33,348,2,0,0,2,8,0,0,0,0,0,0,1,0
2018,4,Matthew Stafford,QB,DET@DAL,24,30,24,307,2,0,0,2,5,0,0,0,0,0,0,0,0
2018,4,Patrick Mahomes,QB,KC@DEN,24,45,28,304,1,0,0,3,7,1,0,0,0,0,0,0,0
2018,4,Tom Brady,QB,MIA@NE,24,35,23,274,3,2,0,0,0,0,0,0,0,0,0,0,0
2018,4,Dak Prescott,QB,DET@DAL,22,27,17,255,2,0,0,3,2,0,0,0,0,0,0,0,0
2018,4,C.J. Beathard,QB,SF@LAC,20,37,23,298,2,2,0,7,19,0,0,0,0,0,0,0,0
2018,4,Baker Mayfield,QB,CLE@OAK,18,41,21,295,2,2,0,4,10,0,0,0,0,0,0,2,0
2018,4,Aaron Rodgers,QB,BUF@GB,17,40,22,298,1,1,0,5,31,0,0,0,0,0,0,1,0
2018,4,Eli Manning,QB,NO@NYG,17,41,31,255,1,0,1,2,5,0,0,0,0,0,0,1,0
2018,4,Ben Roethlisberger,QB,BAL@PIT,16,47,27,274,1,1,1,1,-1,0,0,0,0,0,0,0,0
2018,4,Josh Rosen,QB,SEA@ARI,14,27,15,180,1,0,0,2,13,0,0,0,0,0,0,0,0
2018,4,Sam Darnold,QB,NYJ@JAX,12,34,17,167,1,0,0,2,8,0,0,0,0,0,0,0,0
2018,4,Russell Wilson,QB,SEA@ARI,8,26,19,172,0,0,0,4,21,0,0,0,0,0,0,0,0
2018,4,Drew Brees,QB,NO@NYG,8,32,18,217,0,0,0,4,-1,0,0,0,0,0,0,0,0
2018,4,Jameis Winston,QB,TB@CHI,7,20,16,145,1,2,0,1,7,0,0,0,0,0,0,0,0
2018,4,Brock Osweiler,QB,MIA@NE,7,5,4,35,1,0,0,1,7,0,0,0,0,0,0,0,0
2018,4,Case Keenum,QB,KC@DEN,7,33,21,245,0,1,0,0,0,0,0,0,0,0,0,0,0
2018,4,Ryan Fitzpatrick,QB,TB@CHI,3,18,9,126,0,1,0,0,0,0,0,0,0,0,0,0,0
2018,4,Taysom Hill,QB,NO@NYG,2,2,1,10,0,0,0,4,28,0,0,1,-4,0,0,0,0
2018,4,Josh Allen,QB,BUF@GB,2,33,16,151,0,2,0,5,19,0,0,0,0,0,0,1,0
2018,4,Ryan Tannehill,QB,MIA@NE,1,20,11,100,0,1,0,1,0,0,0,0,0,0,0,1,0
2018,4,Lamar Jackson,QB,BAL@PIT,1,0,0,0,0,0,0,4,17,0,0,0,0,0,0,0,0
2018,4,Brian Hoyer,QB,MIA@NE,0,0,0,0,0,0,0,3,-3,0,0,0,0,0,0,0,0
2018,4,Chase Daniel,QB,TB@CHI,0,0,0,0,0,0,0,2,-2,0,0,0,0,0,0,0,0
2018,5,Aaron Rodgers,QB,GB@DET,36,52,32,442,3,0,1,3,10,0,0,0,0,0,0,2,0
2018,5,Tom Brady,QB,IND@NE,33,44,34,341,3,2,0,3,-1,1,0,0,0,0,0,0,0
2018,5,Drew Brees,QB,WAS@NO,32,29,26,363,3,0,0,2,1,0,0,1,1,0,0,0,0
2018,5,Andrew Luck,QB,IND@NE,28,59,38,365,3,2,0,0,0,0,0,0,0,0,0,0,0
2018,5,Ben Roethlisberger,QB,ATL@PIT,27,29,19,250,3,1,0,2,16,0,0,0,0,0,0,0,0
2018,5,Russell Wilson,QB,LA@SEA,25,21,13,198,3,0,0,0,0,0,0,0,0,0,0,0,0
2018,5,Carson Wentz,QB,MIN@PHI,25,35,24,311,2,0,0,5,26,0,0,0,0,0,0,1,0
2018,5,Philip Rivers,QB,OAK@LAC,25,27,22,339,2,0,0,3,-2,0,0,0,0,0,0,0,0
2018,5,Case Keenum,QB,DEN@NYJ,25,51,35,377,2,1,0,0,0,0,0,0,0,0,0,0,0
2018,5,C.J. Beathard,QB,ARI@SF,25,54,34,349,2,2,0,2,7,1,0,0,0,0,0,2,0
2018,5,Deshaun Watson,QB,DAL@HOU,23,44,33,375,1,1,0,10,40,0,0,0,0,0,0,0,0
2018,5,Eli Manning,QB,NYG@CAR,23,36,22,326,2,2,1,1,2,0,0,0,0,0,0,0,0
2018,5,Sam Darnold,QB,DEN@NYJ,23,22,10,198,3,1,0,3,5,0,0,0,0,0,0,0,0
2018,5,Blake Bortles,QB,JAX@KC,23,61,33,430,1,4,0,4,34,1,0,0,0,0,0,1,0
2018,5,Matthew Stafford,QB,GB@DET,19,26,14,183,2,0,0,1,-1,0,0,0,0,0,0,0,0
2018,5,Cam Newton,QB,NYG@CAR,19,35,21,237,2,2,0,8,29,0,0,0,0,0,0,0,0
2018,5,Baker Mayfield,QB,BAL@CLE,19,43,25,342,1,1,0,2,23,0,0,0,0,0,0,0,0
2018,5,Matt Ryan,QB,ATL@PIT,17,38,26,285,1,0,0,1,10,0,0,0,0,0,0,1,0
2018,5,Kirk Cousins,QB,MIN@PHI,17,37,30,301,1,0,0,5,1,0,0,0,0,0,0,1,0
2018,5,Patrick Mahomes,QB,JAX@KC,15,38,22,313,0,2,0,4,13,1,0,0,0,0,0,0,0
2018,5,Jared Goff,QB,LA@SEA,15,32,23,321,1,2,0,5,15,0,0,0,0,0,0,0,0
2018,5,Alex Smith,QB,WAS@NO,14,39,23,275,0,1,0,2,7,1,0,0,0,0,0,1,0
2018,5,Andy Dalton,QB,MIA@CIN,14,30,20,248,1,1,0,4,10,0,0,0,0,0,0,0,0
2018,5,Derek Carr,QB,OAK@LAC,14,33,24,268,1,1,0,1,5,0,0,0,0,0,0,0,0
2018,5,Dak Prescott,QB,DAL@HOU,13,29,18,208,1,2,0,6,34,0,0,0,0,0,0,0,0
2018,5,Josh Rosen,QB,ARI@SF,12,25,10,170,1,0,0,3,-3,0,0,0,0,0,0,0,0
2018,5,Joe Flacco,QB,BAL@CLE,10,56,29,298,0,1,0,2,13,0,0,0,0,0,0,0,0
2018,5,Ryan Tannehill,QB,MIA@CIN,9,35,20,185,1,2,0,3,17,0,0,0,0,0,0,1,0
2018,5,Taysom Hill,QB,WAS@NO,8,0,0,0,0,0,0,5,23,1,0,0,0,0,0,0,0
2018,5,Josh Allen,QB,TEN@BUF,8,19,10,82,0,1,0,4,19,1,0,0,0,0,0,0,0
2018,5,Marcus Mariota,QB,TEN@BUF,4,26,14,129,0,1,0,2,10,0,0,0,0,0,0,0,0
2018,5,Lamar Jackson,QB,BAL@CLE,1,1,0,0,0,0,0,3,10,0,0,0,0,0,0,0,0
2018,5,Matt Schaub,QB,ATL@PIT,0,7,5,20,0,0,0,0,0,0,0,1,-7,0,0,0,0
2018,5,Joshua Dobbs,QB,ATL@PIT,0,0,0,0,0,0,0,1,-3,0,0,0,0,0,0,0,0
2018,5,Teddy Bridgewater,QB,WAS@NO,0,0,0,0,0,0,0,3,-3,0,0,0,0,0,0,0,0
2018,6,Jameis Winston,QB,TB@ATL,37,41,30,395,4,2,0,5,29,0,0,0,0,0,0,0,0
2018,6,Patrick Mahomes,QB,KC@NE,34,36,23,352,4,2,0,2,9,0,0,0,0,0,0,0,0
2018,6,Matt Ryan,QB,TB@ATL,33,41,31,355,3,0,0,1,13,0,0,0,0,0,0,0,0
2018,6,Dak Prescott,QB,JAX@DAL,33,27,17,183,2,0,0,11,82,1,0,0,0,0,0,0,0
2018,6,Mitchell Trubisky,QB,CHI@MIA,32,31,22,316,3,1,0,8,47,0,0,0,0,0,0,0,0
2018,6,Aaron Rodgers,QB,SF@GB,32,46,25,425,2,0,0,3,34,0,0,0,0,0,0,0,0
2018,6,Brock Osweiler,QB,CHI@MIA,31,44,28,380,3,2,1,2,8,0,0,0,0,0,0,0,0
2018,6,Carson Wentz,QB,PHI@NYG,30,36,26,278,3,0,0,2,14,0,0,0,0,0,0,0,0
2018,6,Andrew Luck,QB,IND@NYJ,30,43,23,301,4,3,0,2,7,0,0,0,0,0,0,0,0
2018,6,Cam Newton,QB,CAR@WAS,27,40,27,275,2,1,1,9,43,0,0,0,0,0,0,0,0
2018,6,Russell Wilson,QB,SEA@OAK,26,23,17,222,3,1,0,6,20,0,0,0,0,0,0,0,0
2018,6,Tom Brady,QB,KC@NE,24,35,24,340,1,0,0,3,2,1,0,0,0,0,0,1,0
2018,6,Ben Roethlisberger,QB,PIT@CIN,22,46,32,369,1,0,1,1,-1,0,0,1,-1,0,0,0,0
2018,6,Case Keenum,QB,LA@DEN,22,41,25,322,2,1,0,1,6,0,0,0,0,0,0,0,0
2018,6,Sam Darnold,QB,IND@NYJ,21,30,24,280,2,1,0,6,8,0,0,0,0,0,0,0,0
2018,6,Andy Dalton,QB,PIT@CIN,21,42,26,229,2,0,0,0,0,0,0,0,0,0,0,0,0
2018,6,C.J. Beathard,QB,SF@GB,21,23,16,245,2,1,0,3,21,0,0,0,0,0,0,0,0
2018,6,Alex Smith,QB,CAR@WAS,19,36,21,163,2,0,0,6,13,0,0,0,0,0,0,0,0
2018,6,Kirk Cousins,QB,ARI@MIN,19,34,24,233,1,1,0,4,14,1,0,1,-1,0,0,1,0
2018,6,Philip Rivers,QB,LAC@CLE,18,20,11,207,2,1,0,0,0,0,0,0,0,0,0,0,0
2018,6,Baker Mayfield,QB,LAC@CLE,13,46,22,238,1,2,1,2,8,0,0,0,0,0,0,0,0
2018,6,Joe Flacco,QB,BAL@TEN,13,37,25,238,1,1,0,3,4,0,0,0,0,0,0,0,0
2018,6,Blake Bortles,QB,JAX@DAL,11,26,15,149,1,1,0,4,22,0,0,0,0,0,0,0,0
2018,6,Eli Manning,QB,PHI@NYG,9,43,24,281,0,1,0,0,0,0,0,0,0,0,0,0,0
2018,6,Deshaun Watson,QB,BUF@HOU,8,25,15,177,1,2,0,2,2,0,0,0,0,0,0,1,0
2018,6,Josh Rosen,QB,ARI@MIN,7,31,21,240,0,1,0,0,0,0,0,0,0,0,0,0,0
2018,6,Jared Goff,QB,LA@DEN,7,28,14,201,0,1,0,4,14,0,0,0,0,0,0,0,0
2018,6,Marcus Mariota,QB,BAL@TEN,6,15,10,117,0,0,0,2,25,0,0,0,0,0,0,0,0
2018,6,Derek Carr,QB,SEA@OAK,6,31,23,142,0,0,0,4,31,0,0,0,0,0,0,2,0
2018,6,Josh Allen,QB,BUF@HOU,5,17,10,84,0,0,0,4,20,0,0,0,0,0,0,0,0
2018,6,Nathan Peterman,QB,BUF@HOU,4,12,6,61,1,2,0,1,2,0,0,0,0,0,0,0,0
2018,6,Lamar Jackson,QB,BAL@TEN,2,0,0,0,0,0,0,1,22,0,0,0,0,0,0,0,0
2018,6,Geno Smith,QB,LAC@CLE,0,1,1,8,0,0,0,2,-2,0,0,0,0,0,0,0,0
2018,6,Chad Kelly,QB,LA@DEN,0,0,0,0,0,0,0,1,-1,0,0,0,0,0,0,0,0
2018,7,Patrick Mahomes,QB,CIN@KC,40,39,28,358,4,1,0,4,45,0,0,0,0,0,0,0,0
2018,7,Mitchell Trubisky,QB,NE@CHI,35,50,26,333,2,2,0,6,81,1,0,0,0,0,0,0,0
2018,7,Andrew Luck,QB,BUF@IND,30,23,17,156,4,0,0,3,5,0,0,0,0,0,0,0,0
2018,7,Cam Newton,QB,CAR@PHI,28,39,25,269,2,0,1,7,49,0,0,0,0,0,0,0,0
2018,7,Tom Brady,QB,NE@CHI,27,36,25,277,3,1,0,1,6,0,0,0,0,0,0,0,0
2018,7,Philip Rivers,QB,TEN@LAC,24,26,19,306,2,0,0,1,-1,0,0,0,0,0,0,0,0
2018,7,Baker Mayfield,QB,CLE@TB,24,34,23,215,2,0,0,4,43,0,0,0,0,0,0,0,0
2018,7,Carson Wentz,QB,CAR@PHI,23,37,30,310,2,0,0,3,3,0,0,0,0,0,0,1,0
2018,7,Dak Prescott,QB,DAL@WAS,23,35,22,273,1,0,0,6,33,1,0,0,0,0,0,2,0
2018,7,Joe Flacco,QB,NO@BAL,23,39,23,279,2,0,0,1,4,0,0,0,0,0,0,0,0
2018,7,Matt Ryan,QB,NYG@ATL,21,39,31,379,1,0,0,2,1,0,0,0,0,0,0,0,0
2018,7,Brock Osweiler,QB,DET@MIA,21,31,22,239,2,0,0,1,2,0,0,0,0,0,0,0,0
2018,7,Eli Manning,QB,NYG@ATL,21,38,27,399,1,0,0,3,7,0,0,0,0,0,0,0,0
2018,7,Kirk Cousins,QB,MIN@NYJ,21,40,25,241,2,0,0,2,-1,0,0,0,0,0,0,0,0
2018,7,Jameis Winston,QB,CLE@TB,20,52,32,365,0,2,0,10,55,1,0,0,0,0,0,1,0
2018,7,Matthew Stafford,QB,DET@MIA,20,22,18,217,2,0,0,4,9,0,0,0,0,0,0,0,0
2018,7,Jared Goff,QB,LA@SF,20,24,18,202,2,0,0,3,4,0,0,0,0,0,0,0,0
2018,7,Drew Brees,QB,NO@BAL,20,30,22,212,2,0,0,4,3,0,0,0,0,0,0,0,0
2018,7,Marcus Mariota,QB,TEN@LAC,16,32,24,237,1,1,0,7,38,0,0,0,0,0,0,0,0
2018,7,Alex Smith,QB,DAL@WAS,14,25,14,178,1,0,0,4,16,0,0,0,0,0,0,0,0
2018,7,Sam Darnold,QB,MIN@NYJ,14,42,17,206,1,3,0,6,18,1,0,0,0,0,0,1,0
2018,7,Deshaun Watson,QB,HOU@JAX,12,24,12,139,1,0,0,7,13,0,0,0,0,0,0,0,0
2018,7,Cody Kessler,QB,HOU@JAX,10,30,21,156,1,1,0,2,8,0,0,0,0,0,0,0,0
2018,7,Case Keenum,QB,DEN@ARI,10,21,14,161,1,1,0,4,4,0,0,0,0,0,0,0,0
2018,7,Andy Dalton,QB,CIN@KC,9,29,15,148,1,1,0,0,0,0,0,0,0,0,0,0,0
2018,7,C.J. Beathard,QB,LA@SF,8,27,15,170,1,2,0,2,13,0,0,0,0,0,0,1,0
2018,7,Josh Rosen,QB,DEN@ARI,6,39,21,194,1,3,0,1,14,0,0,0,0,0,0,2,0
2018,7,Lamar Jackson,QB,NO@BAL,6,1,1,5,0,0,0,3,9,1,0,0,0,0,0,0,0
2018,7,Blake Bortles,QB,HOU@JAX,3,12,6,61,0,0,0,6,30,0,0,0,0,0,0,2,0
2018,7,Taysom Hill,QB,NO@BAL,2,0,0,0,0,0,0,6,35,0,0,0,0,0,0,1,0
2018,7,Jeff Driskel,QB,CIN@KC,1,4,4,39,0,0,0,1,5,0,0,0,0,0,0,0,0
2018,7,Sean Mannion,QB,LA@SF,0,0,0,0,0,0,0,3,1,0,0,0,0,0,0,0,0
2018,7,Jacoby Brissett,QB,BUF@IND,0,0,0,0,0,0,0,4,-4,0,0,0,0,0,0,0,0
2018,7,Derek Anderson,QB,BUF@IND,0,31,20,175,0,3,0,0,0,0,0,0,0,0,0,1,0
2018,8,Deshaun Watson,QB,MIA@HOU,40,20,16,239,5,0,0,1,14,0,0,0,0,0,0,0,0
2018,8,Patrick Mahomes,QB,DEN@KC,34,34,24,303,4,1,0,2,-1,0,0,0,0,0,0,0,0
2018,8,Derek Carr,QB,IND@OAK,33,28,21,244,3,0,0,2,0,1,0,0,0,0,0,0,0
2018,8,Cam Newton,QB,BAL@CAR,31,29,21,219,2,0,0,10,52,1,0,0,0,0,0,0,0
2018,8,Jared Goff,QB,GB@LA,31,35,19,295,3,0,1,5,7,0,0,0,0,0,0,0,0
2018,8,Andrew Luck,QB,IND@OAK,29,31,22,239,3,0,1,2,-2,0,0,0,0,0,0,0,0
2018,8,Russell Wilson,QB,SEA@DET,28,17,14,248,3,0,0,2,15,0,0,0,0,0,0,0,0
2018,8,Carson Wentz,QB,PHI@JAX,28,30,21,286,3,1,0,6,28,0,0,1,4,0,0,1,0
2018,8,Mitchell Trubisky,QB,NYJ@CHI,25,29,16,220,2,0,0,6,51,0,0,0,0,0,0,0,0
2018,8,Andy Dalton,QB,TB@CIN,24,34,21,280,2,0,0,3,10,0,0,0,0,0,0,0,0
2018,8,Kirk Cousins,QB,NO@MIN,24,41,31,359,2,1,0,2,3,0,0,0,0,0,0,0,0
2018,8,Josh Rosen,QB,SF@ARI,23,40,23,252,2,1,1,2,12,0,0,0,0,0,0,0,0
2018,8,Ryan Fitzpatrick,QB,TB@CIN,22,15,11,194,2,0,1,1,18,0,0,0,0,0,0,0,0
2018,8,Matthew Stafford,QB,SEA@DET,21,40,27,310,2,1,0,1,6,0,0,0,0,0,0,1,0
2018,8,Blake Bortles,QB,PHI@JAX,21,41,24,286,1,0,0,8,43,0,0,0,0,0,0,0,0
2018,8,Ben Roethlisberger,QB,CLE@PIT,20,36,24,257,2,1,0,2,6,0,0,0,0,0,0,0,0
2018,8,Case Keenum,QB,DEN@KC,19,34,23,262,2,1,0,1,9,0,0,0,0,0,0,1,0
2018,8,Aaron Rodgers,QB,GB@LA,17,30,18,286,1,0,0,1,5,0,0,0,0,0,0,0,0
2018,8,Baker Mayfield,QB,CLE@PIT,17,36,22,180,2,1,0,1,9,0,0,0,0,0,0,0,0
2018,8,Alex Smith,QB,WAS@NYG,14,32,20,178,1,0,0,3,13,0,0,0,0,0,0,0,0
2018,8,Eli Manning,QB,WAS@NYG,14,47,30,316,1,2,0,0,0,0,0,0,0,0,0,0,0
2018,8,Sam Darnold,QB,NYJ@CHI,14,29,14,153,1,0,0,5,22,0,0,0,0,0,0,0,0
2018,8,C.J. Beathard,QB,SF@ARI,13,28,14,190,1,0,0,5,9,0,0,0,0,0,0,0,0
2018,8,Tom Brady,QB,NE@BUF,12,45,29,324,0,0,0,1,8,0,0,0,0,0,0,0,0
2018,8,Jameis Winston,QB,TB@CIN,10,35,18,276,1,4,0,3,18,0,0,0,0,0,0,0,0
2018,8,Joe Flacco,QB,BAL@CAR,10,39,22,192,1,2,0,2,14,0,0,0,0,0,0,0,0
2018,8,Lamar Jackson,QB,BAL@CAR,9,5,4,46,1,0,0,3,26,0,0,0,0,0,0,0,0
2018,8,Drew Brees,QB,NO@MIN,8,23,18,120,1,1,0,0,0,0,0,0,0,0,0,0,0
2018,8,Derek Anderson,QB,NE@BUF,8,39,22,290,0,1,0,1,-1,0,0,0,0,0,0,1,0
2018,8,Brock Osweiler,QB,MIA@HOU,7,37,21,241,0,1,0,0,0,0,0,0,0,0,0,0,0
2018,8,Taysom Hill,QB,NO@MIN,1,1,1,44,0,0,0,3,-2,0,0,1,5,0,0,0,0
2018,8,Brandon Weeden,QB,MIA@HOU,0,0,0,0,0,0,0,1,-1,0,0,0,0,0,0,0,0
2018,8,Nathan Peterman,QB,NE@BUF,0,2,2,23,0,0,0,0,0,0,0,0,0,0,0,0,0
2018,8,Brian Hoyer,QB,NE@BUF,0,0,0,0,0,0,0,2,-2,0,0,0,0,0,0,0,0
2018,8,Taylor Heinicke,QB,BAL@CAR,0,1,1,13,0,0,0,2,-2,0,0,0,0,0,0,0,0
2018,8,Joshua Dobbs,QB,CLE@PIT,0,0,0,0,0,0,0,1,-1,0,0,0,0,0,0,0,0
2018,9,Drew Brees,QB,LA@NO,38,36,25,346,4,0,0,4,16,0,0,0,0,0,0,0,0
2018,9,Matt Ryan,QB,ATL@WAS,36,38,26,350,4,1,0,0,0,0,0,0,0,0,0,0,0
2018,9,Jared Goff,QB,LA@NO,34,40,28,391,3,1,1,3,17,0,0,0,0,0,0,0,0
2018,9,Patrick Mahomes,QB,KC@CLE,32,32,23,375,3,1,0,2,18,0,0,0,0,0,0,0,0
2018,9,Ryan Fitzpatrick,QB,TB@CAR,31,40,24,243,4,2,0,5,23,0,0,0,0,0,0,0,0
2018,9,Ben Roethlisberger,QB,PIT@BAL,28,47,28,270,2,0,0,2,4,1,0,0,0,0,0,0,0
2018,9,Nick Mullens,QB,OAK@SF,28,22,16,262,3,0,0,4,-3,0,0,0,0,0,0,0,0
2018,9,Marcus Mariota,QB,TEN@DAL,28,29,21,240,2,0,0,10,32,1,0,0,0,0,0,2,0
2018,9,Cam Newton,QB,TB@CAR,24,25,19,247,2,0,0,11,33,0,0,0,0,0,0,0,0
2018,9,Russell Wilson,QB,LAC@SEA,23,39,26,235,2,1,0,5,41,0,0,0,0,0,0,0,0
2018,9,Deshaun Watson,QB,HOU@DEN,23,24,17,213,2,0,0,6,38,0,0,0,0,0,0,0,0
2018,9,Aaron Rodgers,QB,GB@NE,22,43,24,259,2,0,0,4,8,0,0,0,0,0,0,0,0
2018,9,Philip Rivers,QB,LAC@SEA,21,26,13,228,2,0,0,0,0,0,0,0,0,0,0,0,0
2018,9,Baker Mayfield,QB,KC@CLE,21,42,29,297,2,1,0,0,0,0,0,0,0,0,0,0,0
2018,9,Dak Prescott,QB,TEN@DAL,19,31,21,243,2,1,0,2,11,0,0,0,0,0,0,1,0
2018,9,Alex Smith,QB,ATL@WAS,18,46,30,306,1,1,0,1,22,0,0,0,0,0,0,0,0
2018,9,Case Keenum,QB,HOU@DEN,17,42,26,290,1,0,0,0,0,0,0,0,0,0,0,0,0
2018,9,Tom Brady,QB,GB@NE,17,35,22,294,1,0,0,5,-1,0,0,0,0,0,0,0,0
2018,9,Nathan Peterman,QB,CHI@BUF,11,49,31,188,0,3,0,8,47,1,0,0,0,0,0,0,0
2018,9,Mitchell Trubisky,QB,CHI@BUF,9,20,12,135,1,1,0,1,6,0,0,0,0,0,0,0,0
2018,9,Kirk Cousins,QB,DET@MIN,9,22,18,164,1,1,0,2,3,0,0,0,0,0,0,1,0
2018,9,Joe Flacco,QB,PIT@BAL,8,37,23,206,0,0,0,0,0,0,0,0,0,0,0,0,0
2018,9,Matthew Stafford,QB,DET@MIN,6,36,25,199,0,0,0,5,6,0,0,0,0,0,0,1,0
2018,9,Derek Carr,QB,OAK@SF,6,21,16,171,0,0,0,3,5,0,0,0,0,0,0,0,0
2018,9,Brock Osweiler,QB,NYJ@MIA,5,24,15,139,0,0,0,3,4,0,0,0,0,0,0,0,0
2018,9,Lamar Jackson,QB,PIT@BAL,1,1,1,12,0,0,0,5,10,0,0,0,0,0,0,0,0
2018,9,Taysom Hill,QB,LA@NO,1,0,0,0,0,0,0,2,10,0,0,0,0,0,0,0,0
2018,9,Sam Darnold,QB,NYJ@MIA,1,39,21,229,0,4,0,0,0,0,0,0,0,0,0,0,0
2018,9,Tyrod Taylor,QB,KC@CLE,0,1,1,11,0,0,0,0,0,0,0,0,0,0,0,0,0
2018,9,A.J. McCarron,QB,OAK@SF,0,3,1,8,0,0,0,1,0,0,0,0,0,0,0,0,0
2018,9,Joshua Dobbs,QB,PIT@BAL,0,1,1,22,0,0,0,0,0,0,0,0,0,0,0,0,0
2018,9,Chase Daniel,QB,CHI@BUF,0,0,0,0,0,0,0,3,-3,0,0,0,0,0,0,0,0
2018,10,Ben Roethlisberger,QB,CAR@PIT,45,25,22,328,5,0,0,3,27,0,0,0,0,0,0,0,0
2018,10,Mitchell Trubisky,QB,DET@CHI,41,30,23,355,3,0,1,3,18,1,0,0,0,0,0,0,0
2018,10,Drew Brees,QB,NO@CIN,34,25,22,265,3,0,0,2,3,1,0,0,0,0,0,0,0
2018,10,Russell Wilson,QB,SEA@LA,33,26,17,176,3,0,0,9,92,0,0,0,0,0,0,1,0
2018,10,Baker Mayfield,QB,ATL@CLE,28,20,17,216,3,0,0,6,20,0,0,0,0,0,0,0,0
2018,10,Andrew Luck,QB,JAX@IND,27,29,21,285,3,1,0,5,-2,0,0,0,0,0,0,0,0
2018,10,Matt Ryan,QB,ATL@CLE,25,52,38,330,2,0,0,3,13,0,0,0,0,0,0,1,0
2018,10,Marcus Mariota,QB,NE@TEN,25,24,16,228,2,0,0,2,21,0,0,1,21,0,0,0,0
2018,10,Eli Manning,QB,NYG@SF,25,31,19,188,3,0,0,0,0,0,0,0,0,0,0,0,0
2018,10,Carson Wentz,QB,DAL@PHI,24,44,32,360,2,1,0,2,7,0,0,0,0,0,0,0,0
2018,10,Jared Goff,QB,SEA@LA,24,39,28,318,2,0,0,3,3,0,0,0,0,0,0,0,0
2018,10,Blake Bortles,QB,JAX@IND,24,38,26,320,2,0,0,2,8,0,0,0,0,0,0,0,0
2018,10,Patrick Mahomes,QB,ARI@KC,23,28,21,249,2,0,0,4,21,0,0,0,0,0,0,0,0
2018,10,Dak Prescott,QB,DAL@PHI,22,36,26,270,1,0,0,6,9,1,0,0,0,0,0,0,0
2018,10,Aaron Rodgers,QB,MIA@GB,21,28,19,199,2,0,0,6,21,0,0,0,0,0,0,0,0
2018,10,Matt Barkley,QB,BUF@NYJ,21,25,15,232,2,0,0,3,-2,0,0,0,0,0,0,0,0
2018,10,Matthew Stafford,QB,DET@CHI,18,42,25,274,2,2,0,2,9,0,0,0,0,0,0,0,0
2018,10,Philip Rivers,QB,LAC@OAK,18,26,18,223,2,1,0,1,1,0,0,0,0,0,0,0,0
2018,10,Cam Newton,QB,CAR@PIT,18,29,23,193,2,1,0,2,10,0,0,0,0,0,0,0,0
2018,10,Alex Smith,QB,WAS@TB,14,27,19,178,1,0,0,2,16,0,0,0,0,0,0,0,0
2018,10,Ryan Fitzpatrick,QB,WAS@TB,14,41,29,406,0,2,0,8,35,0,0,0,0,0,0,1,0
2018,10,Nick Mullens,QB,NYG@SF,12,39,27,250,1,2,0,2,1,0,0,0,0,0,0,0,0
2018,10,Josh Rosen,QB,ARI@KC,10,39,22,208,1,2,0,1,-1,0,0,0,0,0,0,0,0
2018,10,Jeff Driskel,QB,NO@CIN,10,3,2,45,0,0,0,2,35,1,0,0,0,0,0,0,0
2018,10,Tom Brady,QB,NE@TEN,10,41,21,254,0,0,0,1,0,0,0,1,6,0,0,0,0
2018,10,Andy Dalton,QB,NO@CIN,8,20,12,153,1,2,0,1,8,0,0,0,0,0,0,0,0
2018,10,Derek Carr,QB,LAC@OAK,8,37,24,243,0,0,0,2,2,0,0,0,0,0,0,1,0
2018,10,Brock Osweiler,QB,MIA@GB,5,37,23,213,0,1,0,1,0,0,0,0,0,0,0,1,0
2018,10,Taysom Hill,QB,NO@CIN,2,1,0,0,0,0,0,4,24,0,0,0,0,0,0,0,0
2018,10,Josh McCown,QB,BUF@NYJ,1,34,17,135,0,2,0,1,4,0,0,0,0,0,0,0,0
2018,10,Brian Hoyer,QB,NE@TEN,0,1,1,7,0,0,0,1,2,0,0,0,0,0,0,0,0
2018,10,Joshua Dobbs,QB,CAR@PIT,0,2,1,-3,0,0,0,0,0,0,0,0,0,0,0,0,0
2018,10,Teddy Bridgewater,QB,NO@CIN,0,1,0,0,0,0,0,3,-3,0,0,0,0,0,0,0,0
2018,11,Patrick Mahomes,QB,KC@LA,49,46,33,478,6,3,0,6,28,0,0,0,0,0,0,2,0
2018,11,Jared Goff,QB,KC@LA,44,49,31,413,4,0,0,4,6,1,0,0,0,0,0,2,0
2018,11,Drew Brees,QB,PHI@NO,38,30,22,363,4,0,0,0,0,0,0,0,0,0,0,0,0
2018,11,Cam Newton,QB,CAR@DET,30,37,25,357,3,1,0,2,2,0,0,0,0,0,0,0,0
2018,11,Andrew Luck,QB,TEN@IND,29,29,23,297,3,0,0,0,0,0,0,0,0,0,0,0,0
2018,11,Aaron Rodgers,QB,GB@SEA,25,30,21,332,2,0,0,1,3,0,0,0,0,0,0,0,0
2018,11,Ben Roethlisberger,QB,PIT@JAX,24,47,27,314,2,3,0,2,1,1,0,0,0,0,0,0,0
2018,11,Philip Rivers,QB,DEN@LAC,24,43,28,401,2,2,0,1,-4,0,0,0,0,0,0,0,0
2018,11,Russell Wilson,QB,GB@SEA,22,31,21,225,2,0,0,5,17,0,0,1,-11,0,0,0,0
2018,11,Andy Dalton,QB,CIN@BAL,22,36,19,211,2,0,0,2,29,0,0,0,0,0,0,0,0
2018,11,Eli Manning,QB,TB@NYG,21,18,17,231,2,0,0,1,-1,0,0,0,0,0,0,0,0
2018,11,Kirk Cousins,QB,MIN@CHI,20,46,30,262,2,2,1,1,5,0,0,0,0,0,0,0,0
2018,11,Josh Rosen,QB,OAK@ARI,19,20,9,136,3,2,0,1,0,0,0,0,0,0,0,0,0
2018,11,Derek Carr,QB,OAK@ARI,19,31,19,192,2,0,0,0,0,0,0,0,0,0,0,0,0
2018,11,Jameis Winston,QB,TB@NYG,18,16,12,199,2,1,0,5,16,0,0,0,0,0,0,0,0
2018,11,Mitchell Trubisky,QB,MIN@CHI,16,31,20,165,1,2,2,10,43,0,0,0,0,0,0,0,0
2018,11,Matt Ryan,QB,DAL@ATL,15,34,24,291,1,1,0,1,1,0,0,0,0,0,0,0,0
2018,11,Lamar Jackson,QB,CIN@BAL,15,19,13,150,0,1,0,26,119,0,0,0,0,0,0,0,0
2018,11,Matthew Stafford,QB,CAR@DET,14,37,23,220,1,0,0,3,6,0,0,0,0,0,0,0,0
2018,11,Dak Prescott,QB,DAL@ATL,14,32,22,208,0,0,0,4,5,1,0,0,0,0,0,0,0
2018,11,Colt McCoy,QB,HOU@WAS,11,12,6,54,1,0,0,5,35,0,0,0,0,0,0,0,0
2018,11,Deshaun Watson,QB,HOU@WAS,10,24,16,208,1,2,0,3,7,0,0,0,0,0,0,0,0
2018,11,Case Keenum,QB,DEN@LAC,8,32,19,205,0,0,0,0,0,0,0,0,0,0,0,0,0
2018,11,Blaine Gabbert,QB,TEN@IND,8,16,11,118,1,1,0,0,0,0,0,0,0,0,0,0,0
2018,11,Ryan Fitzpatrick,QB,TB@NYG,7,21,13,167,0,3,0,4,14,1,0,0,0,0,0,0,0
2018,11,Alex Smith,QB,HOU@WAS,4,27,12,135,0,2,0,4,33,0,0,0,0,0,0,0,0
2018,11,Blake Bortles,QB,PIT@JAX,4,18,10,104,0,0,0,2,17,0,0,0,0,0,0,1,0
2018,11,Marcus Mariota,QB,TEN@IND,2,13,10,85,0,1,0,4,17,0,0,0,0,0,0,0,0
2018,11,Carson Wentz,QB,PHI@NO,0,33,19,156,0,3,0,1,6,0,0,0,0,0,0,0,0
2018,11,Taysom Hill,QB,PHI@NO,0,2,1,10,0,0,0,3,4,0,0,0,0,0,0,0,0
2018,11,Taylor Heinicke,QB,CAR@DET,0,1,0,0,0,0,0,0,0,0,0,0,0,0,0,0,0
2018,11,Jacoby Brissett,QB,TEN@IND,0,2,1,-2,0,0,0,3,-3,0,0,0,0,0,0,0,0
2018,11,Teddy Bridgewater,QB,PHI@NO,0,0,0,0,0,0,0,1,-1,0,0,0,0,0,0,0,0
2018,12,Baker Mayfield,QB,CLE@CIN,34,26,19,258,4,0,0,4,-4,0,0,0,0,0,0,0,0
2018,12,Deshaun Watson,QB,TEN@HOU,33,24,19,210,2,0,0,9,70,1,0,0,0,0,0,0,0
2018,12,Kirk Cousins,QB,GB@MIN,32,38,29,342,3,0,0,6,17,0,0,0,0,0,0,0,0
2018,12,Dak Prescott,QB,WAS@DAL,30,31,22,289,2,0,0,6,18,1,0,0,0,0,0,0,0
2018,12,Drew Brees,QB,ATL@NO,28,22,15,171,4,1,0,4,-4,0,0,0,0,0,0,0,0
2018,12,Philip Rivers,QB,ARI@LAC,27,29,28,259,3,0,0,1,3,0,0,0,0,0,0,1,0
2018,12,Andrew Luck,QB,MIA@IND,27,37,30,343,3,2,0,2,5,0,0,1,4,0,0,0,0
2018,12,Josh Allen,QB,JAX@BUF,27,19,8,160,1,0,0,13,99,1,0,0,0,0,0,0,0
2018,12,Jameis Winston,QB,SF@TB,26,38,29,312,2,0,0,7,24,0,0,0,0,0,0,0,0
2018,12,Cam Newton,QB,SEA@CAR,26,30,25,256,2,1,0,8,63,0,0,0,0,0,0,0,0
2018,12,Marcus Mariota,QB,TEN@HOU,26,23,22,303,2,0,0,6,28,0,0,0,0,0,0,0,0
2018,12,Russell Wilson,QB,SEA@CAR,25,31,22,339,2,0,0,3,4,0,0,0,0,0,0,0,0
2018,12,Matt Ryan,QB,ATL@NO,25,47,35,377,2,1,0,2,16,0,0,0,0,0,0,1,0
2018,12,Tom Brady,QB,NE@NYJ,23,31,20,283,2,0,0,1,-1,0,0,0,0,0,0,0,0
2018,12,Lamar Jackson,QB,OAK@BAL,22,25,14,178,1,2,0,11,71,1,0,0,0,0,0,0,0
2018,12,Ryan Tannehill,QB,MIA@IND,21,25,17,204,2,0,0,3,14,0,0,0,0,0,0,0,0
2018,12,Ben Roethlisberger,QB,PIT@DEN,21,56,41,462,1,2,0,2,18,0,0,0,0,0,0,0,0
2018,12,Chase Daniel,QB,CHI@DET,21,37,27,230,2,0,0,4,4,0,0,1,8,0,0,0,0
2018,12,Case Keenum,QB,PIT@DEN,19,28,15,197,2,0,0,3,-3,0,0,0,0,0,0,0,0
2018,12,Colt McCoy,QB,WAS@DAL,18,38,24,268,2,3,0,5,28,0,0,0,0,0,0,0,0
2018,12,Jeff Driskel,QB,CLE@CIN,18,29,17,155,1,0,0,3,9,1,0,0,0,0,0,0,0
2018,12,Josh McCown,QB,NE@NYJ,17,45,26,276,1,1,0,3,25,0,0,0,0,0,0,0,0
2018,12,Carson Wentz,QB,NYG@PHI,15,28,20,236,1,0,0,2,-2,0,0,0,0,0,0,0,0
2018,12,Eli Manning,QB,NYG@PHI,15,37,26,297,1,1,0,0,0,0,0,0,0,0,0,0,0
2018,12,Aaron Rodgers,QB,GB@MIN,13,28,17,198,1,0,0,0,0,0,0,0,0,0,0,0,0
2018,12,Derek Carr,QB,OAK@BAL,12,34,16,194,1,0,0,0,0,0,0,0,0,0,0,1,0
2018,12,Nick Mullens,QB,SF@TB,10,32,18,221,1,2,0,2,-1,0,0,0,0,0,0,0,0
2018,12,Andy Dalton,QB,CLE@CIN,10,17,10,100,1,1,0,2,21,0,0,0,0,0,0,0,0
2018,12,Blake Bortles,QB,JAX@BUF,10,23,12,127,1,2,0,6,39,0,0,0,0,0,0,0,0
2018,12,Josh Rosen,QB,ARI@LAC,8,19,12,105,1,1,0,2,-1,0,0,0,0,0,0,0,0
2018,12,Matthew Stafford,QB,CHI@DET,5,38,28,236,0,2,0,0,0,0,0,0,0,0,0,0,0
2018,12,Taysom Hill,QB,ATL@NO,1,0,0,0,0,0,0,2,13,0,0,0,0,0,0,0,0
2018,12,Geno Smith,QB,ARI@LAC,0,3,0,0,0,0,0,3,7,0,0,0,0,0,0,0,0
2018,12,A.J. McCarron,QB,OAK@BAL,0,0,0,0,0,0,0,2,-2,0,0,0,0,0,0,0,0
2018,12,Jacoby Brissett,QB,MIA@IND,0,1,1,4,0,0,0,0,0,0,0,0,0,0,0,0,0
2018,13,Patrick Mahomes,QB,KC@OAK,40,38,23,295,4,0,0,9,52,0,0,0,0,0,0,0,0
2018,13,Russell Wilson,QB,SF@SEA,32,17,11,185,4,0,0,4,14,0,0,0,0,0,0,0,0
2018,13,Josh Allen,QB,BUF@MIA,32,33,18,231,2,2,1,9,135,0,0,0,0,0,0,0,0
2018,13,Derek Carr,QB,KC@OAK,29,38,29,285,3,0,0,1,8,0,0,0,0,0,0,0,0
2018,13,Philip Rivers,QB,LAC@PIT,27,36,26,299,2,0,2,0,0,0,0,0,0,0,0,0,0
2018,13,Nick Mullens,QB,SF@SEA,26,48,30,414,2,1,0,2,1,0,0,0,0,0,0,0,0
2018,13,Jameis Winston,QB,CAR@TB,25,30,20,249,2,0,0,5,48,0,0,0,0,0,0,0,0
2018,13,Marcus Mariota,QB,NYJ@TEN,25,35,20,282,2,1,0,4,43,0,0,0,0,0,0,0,0
2018,13,Carson Wentz,QB,WAS@PHI,24,39,27,306,2,1,1,4,-4,0,0,0,0,0,0,0,0
2018,13,Ryan Tannehill,QB,BUF@MIA,21,24,16,137,3,1,0,3,-5,0,0,0,0,0,0,0,0
2018,13,Ben Roethlisberger,QB,LAC@PIT,21,45,29,281,2,1,0,0,0,0,0,0,0,0,0,0,0
2018,13,Cam Newton,QB,CAR@TB,19,41,28,300,2,4,0,6,33,0,0,0,0,0,0,0,0
2018,13,Deshaun Watson,QB,CLE@HOU,17,31,22,224,1,0,0,7,30,0,0,0,0,0,0,0,0
2018,13,Aaron Rodgers,QB,ARI@GB,17,50,31,233,1,0,0,3,20,0,0,0,0,0,0,0,0
2018,13,Lamar Jackson,QB,BAL@ATL,17,21,12,125,0,0,0,17,75,1,0,0,0,0,0,1,0
2018,13,Dak Prescott,QB,NO@DAL,16,28,24,249,1,0,0,5,22,0,0,0,0,0,0,1,0
2018,13,Tom Brady,QB,MIN@NE,16,32,24,311,1,1,0,2,5,0,0,0,0,0,0,0,0
2018,13,Baker Mayfield,QB,CLE@HOU,15,43,29,397,1,3,0,0,0,0,0,0,0,0,0,0,0
2018,13,Chase Daniel,QB,CHI@NYG,13,39,26,285,1,2,0,4,4,0,0,0,0,0,0,0,0
2018,13,Matthew Stafford,QB,LA@DET,12,33,20,245,1,1,0,1,2,0,0,0,0,0,0,1,0
2018,13,Case Keenum,QB,DEN@CIN,12,21,12,151,1,0,0,2,9,0,0,0,0,0,0,0,0
2018,13,Jeff Driskel,QB,DEN@CIN,12,37,25,236,1,1,0,3,3,0,0,0,0,0,0,1,0
2018,13,Jared Goff,QB,LA@DET,11,33,17,207,1,1,0,2,-2,0,0,0,0,0,0,1,0
2018,13,Matt Ryan,QB,BAL@ATL,10,26,16,131,1,0,0,2,4,0,0,0,0,0,0,1,0
2018,13,Eli Manning,QB,CHI@NYG,10,35,19,170,1,1,0,0,0,0,0,0,0,0,0,0,0
2018,13,Kirk Cousins,QB,MIN@NE,10,44,32,201,1,2,0,0,0,0,0,0,0,0,0,0,0
2018,13,Drew Brees,QB,NO@DAL,9,28,18,127,1,1,0,1,2,0,0,0,0,0,0,0,0
2018,13,Josh Rosen,QB,ARI@GB,8,26,11,149,0,0,0,2,32,0,0,0,0,0,0,0,0
2018,13,Andrew Luck,QB,IND@JAX,8,52,33,248,0,1,0,2,16,0,0,0,0,0,0,0,0
2018,13,Cody Kessler,QB,IND@JAX,8,24,18,150,0,0,0,5,28,0,0,0,0,0,0,0,0
2018,13,Josh McCown,QB,NYJ@TEN,3,30,17,128,0,1,0,1,3,0,0,0,0,0,0,0,0
2018,13,Mark Sanchez,QB,WAS@PHI,2,21,13,100,0,1,0,1,8,0,0,0,0,0,0,0,0
2018,13,Colt McCoy,QB,WAS@PHI,2,4,4,50,0,0,0,0,0,0,0,0,0,0,0,0,0
2018,13,Taylor Heinicke,QB,CAR@TB,0,1,0,0,0,0,0,0,0,0,0,0,0,0,0,0,0
2018,13,Robert Griffin III,QB,BAL@ATL,0,4,2,21,0,0,0,0,0,0,0,0,0,0,0,0,0
2018,13,Blaine Gabbert,QB,NYJ@TEN,0,0,0,0,0,0,0,1,-1,0,0,0,0,0,0,0,0
2018,14,Tom Brady,QB,NE@MIA,32,43,27,358,3,0,0,1,3,0,0,0,0,0,0,0,0
2018,14,Dak Prescott,QB,PHI@DAL,31,54,42,455,3,2,0,4,2,0,0,0,0,0,0,1,0
2018,14,Ryan Tannehill,QB,NE@MIA,29,19,14,265,3,0,0,1,13,0,0,0,0,0,0,0,0
2018,14,Carson Wentz,QB,PHI@DAL,26,32,22,228,3,0,0,4,-3,0,0,0,0,0,0,1,0
2018,14,Matt Ryan,QB,ATL@GB,26,42,28,262,3,1,0,1,0,0,0,0,0,0,0,0,0
2018,14,Andrew Luck,QB,IND@HOU,26,41,27,399,2,1,0,6,16,0,0,0,0,0,0,0,0
2018,14,Eli Manning,QB,NYG@WAS,25,22,14,197,3,0,0,0,0,0,0,0,0,0,0,0,0
2018,14,Patrick Mahomes,QB,BAL@KC,25,53,35,377,2,1,0,2,-3,0,0,0,0,0,0,0,0
2018,14,Josh Johnson,QB,NYG@WAS,25,16,11,195,1,1,2,7,45,1,0,0,0,0,0,0,0
2018,14,Ben Roethlisberger,QB,PIT@OAK,23,29,25,282,2,0,0,0,0,0,0,0,0,0,0,0,0
2018,14,Aaron Rodgers,QB,ATL@GB,23,32,21,196,2,0,0,3,44,0,0,0,0,0,0,0,0
2018,14,Nick Mullens,QB,DEN@SF,23,33,20,332,2,1,0,5,-10,0,0,0,0,0,0,0,0
2018,14,Derek Carr,QB,PIT@OAK,23,34,25,322,2,0,0,1,-1,0,0,0,0,0,0,1,0
2018,14,Jameis Winston,QB,NO@TB,22,38,18,213,2,1,0,5,47,0,0,0,0,0,0,0,0
2018,14,Lamar Jackson,QB,BAL@KC,22,24,13,147,2,0,0,14,67,0,0,0,0,0,0,1,0
2018,14,Deshaun Watson,QB,IND@HOU,19,38,27,267,1,0,0,5,35,0,0,0,0,0,0,0,0
2018,14,Josh Allen,QB,NYJ@BUF,19,36,18,206,0,2,0,9,101,1,0,0,0,0,0,1,0
2018,14,Drew Brees,QB,NO@TB,17,31,24,201,1,1,0,3,-1,1,0,0,0,0,0,1,0
2018,14,Baker Mayfield,QB,CAR@CLE,15,22,18,238,1,0,0,4,2,0,0,0,0,0,0,0,0
2018,14,Cody Kessler,QB,JAX@TEN,15,43,25,240,1,0,0,5,17,0,0,0,0,0,0,1,0
2018,14,Case Keenum,QB,DEN@SF,15,42,24,186,1,0,0,4,24,0,0,0,0,0,0,0,0
2018,14,Philip Rivers,QB,CIN@LAC,14,29,19,220,1,0,0,2,7,0,0,0,0,0,0,0,0
2018,14,Jeff Driskel,QB,CIN@LAC,13,27,18,170,1,0,0,2,12,0,0,0,0,0,0,0,0
2018,14,Kirk Cousins,QB,MIN@SEA,13,33,20,208,1,0,0,3,5,0,0,0,0,0,0,1,0
2018,14,Sam Darnold,QB,NYJ@BUF,11,24,16,170,1,1,0,4,10,0,0,0,0,0,0,0,0
2018,14,Cam Newton,QB,CAR@CLE,10,42,26,265,0,1,0,5,23,0,0,0,0,0,0,0,0
2018,14,Russell Wilson,QB,MIN@SEA,8,20,10,72,0,1,1,7,61,0,0,0,0,0,0,0,0
2018,14,Josh Rosen,QB,DET@ARI,7,41,26,240,0,1,0,2,3,0,0,0,0,0,0,0,0
2018,14,Mitchell Trubisky,QB,LA@CHI,6,30,16,110,1,3,0,6,23,0,0,0,0,0,0,0,0
2018,14,Marcus Mariota,QB,JAX@TEN,5,24,18,162,0,1,0,4,13,0,0,0,0,0,0,0,0
2018,14,Matthew Stafford,QB,DET@ARI,4,23,15,101,0,0,0,1,7,0,0,0,0,0,0,0,0
2018,14,Joe Webb,QB,IND@HOU,1,0,0,0,0,0,0,0,0,0,0,2,13,0,0,0,0
2018,14,Taylor Heinicke,QB,CAR@CLE,1,1,1,33,0,0,0,0,0,0,0,0,0,0,0,0,0
2018,14,Josh McCown,QB,NYJ@BUF,0,1,0,0,0,0,0,0,0,0,0,0,0,0,0,0,0
2018,14,DeShone Kizer,QB,ATL@GB,0,0,0,0,0,0,0,1,-1,0,0,0,0,0,0,0,0
2018,14,Taysom Hill,QB,NO@TB,0,0,0,0,0,0,0,1,-6,0,0,0,0,0,0,0,0
2018,14,Robert Griffin III,QB,BAL@KC,0,2,0,0,0,0,0,0,0,0,0,0,0,0,0,0,0
2018,14,Jared Goff,QB,LA@CHI,-1,44,20,180,0,4,0,1,5,0,0,0,0,0,0,0,0
2018,14,Joshua Dobbs,QB,PIT@OAK,-1,9,4,24,0,1,0,2,15,0,0,0,0,0,0,0,0
2018,14,Kyle Lauletta,QB,NYG@WAS,-2,5,0,0,0,1,0,1,-2,0,0,0,0,0,0,0,0
2018,14,Mark Sanchez,QB,NYG@WAS,-3,14,6,38,0,2,0,0,0,0,0,0,0,0,0,0,0
2018,15,Matt Ryan,QB,ARI@ATL,28,36,22,231,2,0,0,3,18,1,0,0,0,0,0,0,0
2018,15,Deshaun Watson,QB,HOU@NYJ,25,28,22,294,2,0,0,4,26,0,0,0,0,0,0,0,0
2018,15,Sam Darnold,QB,HOU@NYJ,25,38,24,253,2,0,0,6,35,0,0,0,0,0,0,0,0
2018,15,Russell Wilson,QB,SEA@SF,22,31,23,237,2,0,0,5,15,0,0,0,0,0,0,0,0
2018,15,Mitchell Trubisky,QB,GB@CHI,22,28,20,235,2,0,0,3,16,0,0,0,0,0,0,0,0
2018,15,Philip Rivers,QB,LAC@KC,22,38,26,313,2,2,1,0,0,0,0,0,0,0,0,0,0
2018,15,Patrick Mahomes,QB,LAC@KC,21,34,24,243,2,0,0,2,3,0,0,0,0,0,0,0,0
2018,15,Josh Allen,QB,DET@BUF,21,26,13,204,1,0,0,9,16,1,0,0,0,0,0,0,0
2018,15,Lamar Jackson,QB,TB@BAL,19,23,14,131,1,0,0,18,95,0,0,0,0,0,0,1,0
2018,15,Kirk Cousins,QB,MIA@MIN,18,21,14,215,2,1,0,5,7,0,0,0,0,0,0,0,0
2018,15,Ben Roethlisberger,QB,NE@PIT,17,34,22,235,2,2,0,2,-3,0,0,0,0,0,0,0,0
2018,15,Nick Mullens,QB,SEA@SF,17,29,20,275,1,0,0,2,-2,0,0,0,0,0,0,0,0
2018,15,Baker Mayfield,QB,CLE@DEN,16,31,18,188,2,1,0,4,6,0,0,0,0,0,0,1,0
2018,15,Josh Johnson,QB,WAS@JAX,16,25,16,151,1,0,0,9,49,0,0,0,0,0,0,0,0
2018,15,Derek Carr,QB,OAK@CIN,15,38,21,263,1,0,0,0,0,0,0,1,-9,0,0,1,0
2018,15,Tom Brady,QB,NE@PIT,15,36,25,279,1,1,0,0,0,0,0,0,0,0,0,0,0
2018,15,Matthew Stafford,QB,DET@BUF,14,29,22,208,1,0,0,0,0,0,0,0,0,0,0,0,0
2018,15,Aaron Rodgers,QB,GB@CHI,12,42,25,274,0,1,1,3,25,0,0,0,0,0,0,0,0
2018,15,Case Keenum,QB,CLE@DEN,12,48,31,257,0,2,0,2,1,1,0,0,0,0,0,0,0
2018,15,Jeff Driskel,QB,OAK@CIN,12,33,14,130,1,1,0,7,32,0,0,0,0,0,0,0,0
2018,15,Jared Goff,QB,PHI@LA,11,53,35,339,0,1,0,2,11,0,0,0,0,0,0,1,0
2018,15,Mike Glennon,QB,ARI@ATL,10,14,10,111,1,0,0,0,0,0,0,0,0,0,0,0,0
2018,15,Andrew Luck,QB,DAL@IND,9,27,16,192,0,0,0,6,20,0,0,0,0,0,0,0,0
2018,15,Nick Foles,QB,PHI@LA,8,31,24,270,0,1,0,2,5,0,0,0,0,0,0,0,0
2018,15,Dak Prescott,QB,DAL@IND,6,39,24,206,0,1,0,0,0,0,0,0,0,0,0,0,0
2018,15,Eli Manning,QB,TEN@NYG,6,44,21,229,0,1,0,0,0,0,0,0,0,0,0,1,0
2018,15,Drew Brees,QB,NO@CAR,6,35,23,203,0,1,0,2,-2,0,0,0,0,0,0,0,0
2018,15,Cody Kessler,QB,WAS@JAX,5,17,9,57,0,1,0,6,68,0,0,0,0,0,0,1,0
2018,15,Jameis Winston,QB,TB@BAL,4,25,13,157,0,1,0,2,0,0,0,0,0,0,0,0,0
2018,15,Ryan Tannehill,QB,MIA@MIN,4,24,11,108,0,0,0,1,1,0,0,0,0,0,0,0,0
2018,15,Cam Newton,QB,NO@CAR,4,29,16,131,0,1,0,5,15,0,0,0,0,0,0,0,0
2018,15,Marcus Mariota,QB,TEN@NYG,4,20,12,88,0,0,0,2,11,0,0,0,0,0,0,0,0
2018,15,Taysom Hill,QB,NO@CAR,1,0,0,0,0,0,0,1,17,0,0,0,0,0,0,0,0
2018,15,Josh Rosen,QB,ARI@ATL,0,22,13,132,0,2,0,2,8,0,0,0,0,0,0,1,0
2018,15,Blaine Gabbert,QB,TEN@NYG,0,0,0,0,0,0,0,3,-1,0,0,0,0,0,0,0,0
2018,16,Aaron Rodgers,QB,GB@NYJ,46,55,37,442,2,0,0,5,32,2,1,0,0,0,0,0,0
2018,16,Deshaun Watson,QB,HOU@PHI,40,40,29,339,2,0,0,8,49,2,0,0,0,0,0,1,0
2018,16,Nick Foles,QB,HOU@PHI,39,49,35,471,4,1,0,1,1,0,0,0,0,0,0,1,0
2018,16,Ben Roethlisberger,QB,PIT@NO,35,50,33,380,3,0,1,2,4,0,0,0,0,0,0,0,0
2018,16,Russell Wilson,QB,KC@SEA,33,29,18,271,3,0,0,8,57,0,0,0,0,0,0,0,0
2018,16,Patrick Mahomes,QB,KC@SEA,33,40,23,273,3,0,0,3,33,0,1,0,0,0,0,0,0
2018,16,Sam Darnold,QB,GB@NYJ,31,35,24,341,3,0,0,3,4,0,0,0,0,0,0,0,0
2018,16,Baker Mayfield,QB,CIN@CLE,30,37,27,284,3,0,0,6,16,0,0,0,0,0,0,0,0
2018,16,Kirk Cousins,QB,MIN@DET,28,28,21,253,3,0,0,1,1,0,0,0,0,0,0,0,0
2018,16,Matt Ryan,QB,ATL@CAR,26,26,15,239,3,0,0,1,-1,0,0,0,0,0,0,1,0
2018,16,Andrew Luck,QB,NYG@IND,25,47,31,357,2,1,0,2,13,0,0,0,0,0,0,0,0
2018,16,Eli Manning,QB,NYG@IND,22,33,25,309,1,1,0,2,0,1,0,0,0,0,0,0,0
2018,16,Jeff Driskel,QB,CIN@CLE,21,19,13,133,2,0,1,5,21,0,0,0,0,0,0,0,0
2018,16,Jared Goff,QB,LA@ARI,19,24,19,216,1,0,0,2,6,1,0,0,0,0,0,1,0
2018,16,Drew Brees,QB,PIT@NO,19,39,27,326,1,0,0,1,-1,0,0,0,0,0,0,0,0
2018,16,Jameis Winston,QB,TB@DAL,18,48,34,336,1,0,0,4,14,0,0,0,0,0,0,2,0
2018,16,Dak Prescott,QB,TB@DAL,18,25,20,161,1,0,0,4,2,1,0,0,0,0,0,0,0
2018,16,Case Keenum,QB,DEN@OAK,17,37,23,202,2,2,0,3,19,0,0,0,0,0,0,0,0
2018,16,Lamar Jackson,QB,BAL@LAC,17,22,12,204,1,0,0,13,39,0,0,0,0,0,0,0,0
2018,16,Mitchell Trubisky,QB,CHI@SF,14,29,25,246,1,0,0,5,3,0,0,0,0,0,0,1,0
2018,16,Taylor Heinicke,QB,ATL@CAR,13,53,33,274,1,3,0,3,33,0,0,0,0,0,0,0,0
2018,16,Josh Allen,QB,BUF@NE,13,41,20,217,1,2,0,5,30,0,0,0,0,0,0,0,0
2018,16,Ryan Tannehill,QB,JAX@MIA,11,22,15,146,1,1,0,3,22,0,0,0,0,0,0,0,0
2018,16,Josh Johnson,QB,WAS@TEN,10,23,13,153,1,2,0,4,22,0,0,0,0,0,0,0,0
2018,16,Blaine Gabbert,QB,WAS@TEN,10,11,7,101,1,0,0,0,0,0,0,0,0,0,0,0,0
2018,16,Josh Rosen,QB,LA@ARI,7,23,12,87,0,0,0,4,49,0,0,0,0,0,0,0,0
2018,16,Nick Mullens,QB,CHI@SF,7,38,22,241,0,1,0,0,0,0,0,0,0,0,0,0,0
2018,16,Tom Brady,QB,BUF@NE,7,24,13,126,1,2,0,0,0,0,0,0,0,0,0,0,0
2018,16,Derek Carr,QB,DEN@OAK,6,26,19,167,0,0,0,4,-3,0,0,0,0,0,0,0,0
2018,16,Matthew Stafford,QB,MIN@DET,4,32,18,116,0,0,0,0,0,0,0,0,0,0,0,0,0
2018,16,Marcus Mariota,QB,WAS@TEN,4,13,10,110,0,0,0,1,7,0,0,0,0,0,0,0,0
2018,16,Philip Rivers,QB,BAL@LAC,3,37,23,181,0,2,0,1,1,0,0,0,0,0,0,0,0
2018,16,Cody Kessler,QB,JAX@MIA,3,17,12,106,0,0,0,1,2,0,0,0,0,0,0,1,0
2018,16,Blake Bortles,QB,JAX@MIA,3,6,5,39,0,0,0,4,25,0,0,0,0,0,0,0,0
2018,16,Mike Glennon,QB,LA@ARI,2,7,5,63,0,0,0,0,0,0,0,0,0,0,0,0,0
2018,16,Matt Cassel,QB,MIN@DET,2,11,5,45,0,0,0,1,14,0,0,0,0,0,0,0,0
2018,16,Kyle Allen,QB,ATL@CAR,1,4,4,38,0,0,0,0,0,0,0,0,0,0,0,0,0
2018,16,Nate Sudfeld,QB,HOU@PHI,0,1,0,0,0,0,0,0,0,0,0,0,0,0,0,0,0
2018,16,Sean Mannion,QB,LA@ARI,0,0,0,0,0,0,0,2,-2,0,0,0,0,0,0,0,0
2018,16,Brian Hoyer,QB,BUF@NE,0,1,0,0,0,0,0,2,-2,0,0,0,0,0,0,0,0
2018,16,Taysom Hill,QB,PIT@NO,-2,1,0,0,0,1,0,0,0,0,0,0,0,0,0,0,0
2018,17,Josh Allen,QB,MIA@BUF,45,26,17,224,3,1,0,9,95,2,0,0,0,0,0,0,0
2018,17,Dak Prescott,QB,DAL@NYG,41,44,27,387,4,0,1,4,0,0,0,0,0,0,0,0,0
2018,17,Jameis Winston,QB,ATL@TB,37,35,22,345,4,1,0,2,23,0,0,0,0,0,0,0,0
2018,17,Tom Brady,QB,NYJ@NE,34,33,24,250,4,0,0,0,0,0,0,0,0,0,0,0,0
2018,17,Matt Ryan,QB,ATL@TB,31,44,31,378,2,1,0,4,7,0,0,1,5,1,0,0,0
2018,17,Jared Goff,QB,SF@LA,31,26,15,199,4,0,0,1,0,0,0,0,0,0,0,0,0
2018,17,Andrew Luck,QB,IND@TEN,28,35,24,285,3,1,0,7,17,0,0,0,0,0,0,0,0
2018,17,Kyle Allen,QB,CAR@NO,28,27,16,228,2,0,0,5,19,1,0,0,0,0,0,0,0
2018,17,Baker Mayfield,QB,CLE@BAL,27,42,23,376,3,3,0,0,0,0,0,0,0,0,0,0,0
2018,17,Lamar Jackson,QB,CLE@BAL,27,24,14,179,0,0,0,20,90,2,0,0,0,0,0,1,0
2018,17,Nick Mullens,QB,SF@LA,25,33,23,282,3,3,1,1,-2,0,0,0,0,0,0,0,0
2018,17,Eli Manning,QB,DAL@NYG,23,41,24,301,2,1,1,1,2,0,0,0,0,0,0,1,0
2018,17,Matthew Stafford,QB,DET@GB,22,32,20,266,2,0,0,2,-2,0,0,0,0,0,0,0,0
2018,17,Deshaun Watson,QB,JAX@HOU,21,35,25,234,0,0,0,13,66,1,0,0,0,0,0,0,0
2018,17,Patrick Mahomes,QB,OAK@KC,21,24,14,281,2,1,0,2,1,0,0,0,0,0,0,0,0
2018,17,Nick Foles,QB,PHI@WAS,18,33,28,221,2,1,0,2,4,0,0,0,0,0,0,0,0
2018,17,Ben Roethlisberger,QB,CIN@PIT,15,45,31,287,1,1,0,3,3,0,0,0,0,0,0,0,0
2018,17,Case Keenum,QB,LAC@DEN,14,48,31,292,1,1,0,3,8,0,0,0,0,0,0,1,0
2018,17,Kirk Cousins,QB,CHI@MIN,11,33,20,132,1,0,0,1,7,0,0,0,0,0,0,0,0
2018,17,Russell Wilson,QB,ARI@SEA,10,21,12,152,1,1,0,2,-2,0,0,0,0,0,0,0,0
2018,17,Mitchell Trubisky,QB,CHI@MIN,9,26,18,163,0,0,1,3,16,0,0,0,0,0,0,0,0
2018,17,Josh Rosen,QB,ARI@SEA,9,34,18,149,1,0,0,0,0,0,0,0,0,0,0,2,0
2018,17,Philip Rivers,QB,LAC@DEN,9,24,14,176,1,2,0,1,0,0,0,0,0,0,0,0,0
2018,17,Teddy Bridgewater,QB,CAR@NO,9,22,14,118,1,1,0,4,12,0,0,0,0,0,0,0,0
2018,17,Blaine Gabbert,QB,IND@TEN,8,29,18,165,1,2,0,0,0,0,0,0,0,0,0,0,0
2018,17,DeShone Kizer,QB,DET@GB,7,35,16,132,0,1,0,4,40,0,0,0,0,0,0,0,0
2018,17,Taysom Hill,QB,CAR@NO,7,0,0,0,0,0,0,3,11,1,0,1,3,0,0,0,0
2018,17,Sam Darnold,QB,NYJ@NE,7,28,16,167,0,0,0,1,28,0,0,0,0,0,0,1,0
2018,17,Ryan Tannehill,QB,MIA@BUF,6,31,18,147,0,2,0,2,9,0,0,1,3,1,0,1,0
2018,17,Nate Sudfeld,QB,PHI@WAS,6,1,1,22,1,0,0,2,-2,0,0,0,0,0,0,0,0
2018,17,Jeff Driskel,QB,CIN@PIT,4,24,12,95,0,0,0,2,13,0,0,0,0,0,0,0,0
2018,17,Blake Bortles,QB,JAX@HOU,3,28,15,107,0,1,0,4,15,0,0,0,0,0,0,0,0
2018,17,Derek Carr,QB,OAK@KC,2,33,24,185,0,2,0,0,0,0,0,0,0,0,0,1,0
2018,17,Aaron Rodgers,QB,DET@GB,1,5,3,26,0,0,0,0,0,0,0,0,0,0,0,0,0
2018,17,Josh Johnson,QB,PHI@WAS,1,27,12,91,0,1,0,3,4,0,0,0,0,0,0,0,0
2018,17,Chad Henne,QB,OAK@KC,1,3,2,29,0,0,0,1,3,0,0,0,0,0,0,0,0
2018,17,Garrett Gilbert,QB,CAR@NO,1,3,2,40,0,0,0,0,0,0,0,0,0,0,0,0,0
2018,17,Sean Mannion,QB,SF@LA,0,3,2,23,0,0,0,2,-8,0,0,0,0,0,0,0,0
2018,17,Brian Hoyer,QB,NYJ@NE,0,0,0,0,0,0,0,3,-3,0,0,0,0,0,0,0,0
2018,17,Geno Smith,QB,LAC@DEN,-1,0,0,0,0,0,0,2,-2,0,0,0,0,0,0,1,0
