Week,Player,Position,Game,Points,Pass_Attempts,Pass_Completions,Yards,TD,INT,Two_Pass,Rush_Attempt,Rush_Yards,Rush_TD,Two_Rush,Receptions,Rec_Yards,Rec_TD,Two_Rec,FL,TD
1,Alvin Kamara,RB,TB@NO,33,0,0,0,0,0,0,8,29,2,1,9,112,1,0,0,0
1,James Conner,RB,PIT@CLE,29,0,0,0,0,0,0,31,135,2,0,5,57,0,0,1,0
1,Isaiah Crowell,RB,NYJ@DET,22,0,0,0,0,0,0,10,102,2,0,0,0,0,0,0,0
1,Adrian Peterson,RB,WAS@ARI,21,0,0,0,0,0,0,26,96,1,0,2,70,0,0,1,0
1,Joe Mixon,RB,CIN@IND,20,0,0,0,0,0,0,17,95,1,0,5,54,0,0,0,0
1,Jay Ajayi,RB,ATL@PHI,20,0,0,0,0,0,0,15,62,2,1,0,0,0,0,0,0
1,Todd Gurley,RB,LA@OAK,19,0,0,0,0,0,0,20,108,0,0,3,39,1,0,0,0
1,Chris Thompson,RB,WAS@ARI,18,0,0,0,0,0,0,5,65,0,0,6,63,1,0,0,0
1,Melvin Gordon,RB,KC@LAC,18,0,0,0,0,0,0,15,64,0,1,9,102,0,0,0,0
1,Saquon Barkley,RB,JAX@NYG,18,0,0,0,0,0,0,18,106,1,0,2,22,0,0,0,0
1,Austin Ekeler,RB,KC@LAC,17,0,0,0,0,0,0,5,39,0,0,5,87,1,0,0,0
1,Phillip Lindsay,RB,SEA@DEN,16,0,0,0,0,0,0,15,71,0,0,2,31,1,0,0,0
1,Dion Lewis,RB,TEN@MIA,16,0,0,0,0,0,0,16,75,1,0,5,35,0,0,0,0
1,Ezekiel Elliott,RB,DAL@CAR,13,0,0,0,0,0,0,15,69,1,0,3,17,0,0,0,0
1,T.J. Yeldon,RB,JAX@NYG,12,0,0,0,0,0,0,14,51,0,0,3,18,1,0,0,0
1,David Johnson,RB,WAS@ARI,12,0,0,0,0,0,0,9,37,1,0,5,30,0,0,0,0
1,Carlos Hyde,RB,PIT@CLE,12,0,0,0,0,0,0,22,62,1,0,1,3,0,0,0,0
1,James White,RB,HOU@NE,10,0,0,0,0,0,0,5,18,0,0,4,38,1,0,0,0
1,Lamar Miller,RB,HOU@NE,10,0,0,0,0,0,0,20,98,0,0,1,11,0,0,0,0
1,Marshawn Lynch,RB,LA@OAK,10,0,0,0,0,0,0,11,41,1,0,2,8,0,0,0,0
1,Jordan Howard,RB,CHI@GB,10,0,0,0,0,0,0,15,82,0,0,5,25,0,0,0,0
1,Kenneth Dixon,RB,BUF@BAL,10,0,0,0,0,0,0,13,44,1,0,0,0,0,0,0,0
1,Anthony Sherman,RB,KC@LAC,9,0,0,0,0,0,0,0,0,0,0,1,36,1,0,0,0
1,Tevin Coleman,RB,ATL@PHI,9,0,0,0,0,0,0,9,19,1,0,1,26,0,0,0,0
1,Alfred Blue,RB,HOU@NE,9,0,0,0,0,0,0,5,36,1,0,0,0,0,0,0,0
1,Christian McCaffrey,RB,DAL@CAR,8,0,0,0,0,0,0,10,50,0,0,6,45,0,0,1,0
1,Dalvin Cook,RB,SF@MIN,8,0,0,0,0,0,0,16,40,0,0,6,55,0,0,1,0
1,Javorius Allen,RB,BUF@BAL,8,0,0,0,0,0,0,4,17,1,0,5,15,0,0,0,0
1,Jalen Richard,RB,LA@OAK,7,0,0,0,0,0,0,5,24,0,0,9,55,0,0,0,0
1,Royce Freeman,RB,SEA@DEN,7,0,0,0,0,0,0,15,71,0,0,0,0,0,0,0,0
1,Jordan Wilkins,RB,CIN@IND,6,0,0,0,0,0,0,14,40,0,0,3,21,0,0,0,0
1,De'Anthony Thomas,RB,KC@LAC,6,0,0,0,0,0,0,0,0,0,0,1,1,1,0,0,0
1,Bilal Powell,RB,NYJ@DET,6,0,0,0,0,0,0,12,60,0,0,1,5,0,0,0,0
1,Frank Gore,RB,TEN@MIA,6,0,0,0,0,0,0,9,61,0,0,0,0,0,0,0,0
1,Alex Collins,RB,BUF@BAL,6,0,0,0,0,0,0,7,13,1,0,1,6,0,0,1,0
1,Chris Carson,RB,SEA@DEN,6,0,0,0,0,0,0,7,51,0,0,3,28,0,0,1,0
1,Rex Burkhead,RB,HOU@NE,6,0,0,0,0,0,0,18,64,0,0,1,5,0,0,0,0
1,Peyton Barber,RB,TB@NO,6,0,0,0,0,0,0,19,69,0,0,0,0,0,0,0,0
1,Kyle Juszczyk,RB,SF@MIN,5,0,0,0,0,0,0,0,0,0,0,1,56,0,0,0,0
1,Leonard Fournette,RB,JAX@NYG,5,0,0,0,0,0,0,9,41,0,0,3,14,0,0,0,0
1,Kenyan Drake,RB,TEN@MIA,5,0,0,0,0,0,0,14,48,0,0,3,18,0,0,0,0
1,Jamaal Williams,RB,CHI@GB,4,0,0,0,0,0,0,15,47,0,0,0,0,0,0,0,0
1,Latavius Murray,RB,SF@MIN,4,0,0,0,0,0,0,11,42,0,0,0,0,0,0,0,0
1,Kareem Hunt,RB,KC@LAC,4,0,0,0,0,0,0,16,49,0,0,0,0,0,0,0,0
1,Nyheim Hines,RB,CIN@IND,4,0,0,0,0,0,0,5,19,0,0,7,33,0,0,0,0
1,Devonta Freeman,RB,ATL@PHI,4,0,0,0,0,0,0,6,36,0,0,3,14,0,0,0,0
1,Chase Edmonds,RB,WAS@ARI,4,0,0,0,0,0,0,4,24,0,0,4,24,0,0,0,0
1,Matt Breida,RB,SF@MIN,4,0,0,0,0,0,0,11,46,0,0,1,5,0,0,0,0
1,Spencer Ware,RB,KC@LAC,3,0,0,0,0,0,0,3,32,0,0,1,8,0,0,0,0
1,Darren Sproles,RB,ATL@PHI,3,0,0,0,0,0,0,5,10,0,0,4,22,0,0,0,0
1,Theo Riddick,RB,NYJ@DET,3,0,0,0,0,0,0,4,20,0,0,5,15,0,0,0,0
1,Rashaad Penny,RB,SEA@DEN,3,0,0,0,0,0,0,7,8,0,0,4,35,0,0,0,0
1,Marcus Murphy,RB,BUF@BAL,3,0,0,0,0,0,0,6,31,0,0,0,0,0,0,0,0
1,Kerryon Johnson,RB,NYJ@DET,3,0,0,0,0,0,0,5,17,0,0,3,20,0,0,0,0
1,Tarik Cohen,RB,CHI@GB,3,0,0,0,0,0,0,5,25,0,0,3,16,0,0,0,0
1,C.J. Anderson,RB,DAL@CAR,3,0,0,0,0,0,0,7,35,0,0,0,0,0,0,0,0
1,Alfred Morris,RB,SF@MIN,2,0,0,0,0,0,0,12,38,0,0,0,0,0,0,1,0
1,Ty Montgomery,RB,CHI@GB,2,0,0,0,0,0,0,2,7,0,0,2,21,0,0,0,0
1,LeSean McCoy,RB,BUF@BAL,2,0,0,0,0,0,0,7,22,0,0,1,-1,0,0,0,0
1,Doug Martin,RB,LA@OAK,2,0,0,0,0,0,0,4,20,0,0,2,-3,0,0,0,0
1,Jeremy Hill,RB,HOU@NE,2,0,0,0,0,0,0,4,25,0,0,1,6,0,0,0,0
1,Derrick Henry,RB,TEN@MIA,2,0,0,0,0,0,0,10,26,0,0,1,5,0,0,0,0
1,James Develin,RB,HOU@NE,2,0,0,0,0,0,0,0,0,0,0,4,22,0,0,0,0
1,Corey Clement,RB,ATL@PHI,2,0,0,0,0,0,0,5,26,0,0,0,0,0,0,0,0
1,Nick Chubb,RB,PIT@CLE,2,0,0,0,0,0,0,3,21,0,0,0,0,0,0,0,0
1,Duke Johnson,RB,PIT@CLE,1,0,0,0,0,0,0,5,17,0,0,1,8,0,0,0,0
1,Tyler Ervin,RB,HOU@NE,1,0,0,0,0,0,0,0,0,0,0,1,12,0,0,0,0
1,Trenton Cannon,RB,NYJ@DET,1,0,0,0,0,0,0,6,15,0,0,1,6,0,0,0,0
1,Malcolm Brown,RB,LA@OAK,1,0,0,0,0,0,0,1,5,0,0,2,18,0,0,0,0
1,Devontae Booker,RB,SEA@DEN,1,0,0,0,0,0,0,2,4,0,0,2,11,0,0,0,0
1,Giovani Bernard,RB,CIN@IND,1,0,0,0,0,0,0,1,-2,0,0,1,11,0,0,0,0
1,Shaun Wilson,RB,TB@NO,0,0,0,0,0,0,0,1,6,0,0,0,0,0,0,0,0
1,Jonathan Williams,RB,TB@NO,0,0,0,0,0,0,0,1,0,0,0,0,0,0,0,0,0
1,Damien Williams,RB,KC@LAC,0,0,0,0,0,0,0,1,0,0,0,0,0,0,0,0,0
1,Derek Watt,RB,KC@LAC,0,0,0,0,0,0,0,1,1,0,0,0,0,0,0,0,0
1,Jonathan Stewart,RB,JAX@NYG,0,0,0,0,0,0,0,2,8,0,0,0,0,0,0,0,0
1,Rod Smith,RB,DAL@CAR,0,0,0,0,0,0,0,1,5,0,0,0,0,0,0,0,0
1,Jacquizz Rodgers,RB,TB@NO,0,0,0,0,0,0,0,2,1,0,0,1,2,0,0,0,0
1,Christine Michael,RB,CIN@IND,0,0,0,0,0,0,0,2,9,0,0,0,0,0,0,0,0
1,Tre Madden,RB,SEA@DEN,0,0,0,0,0,0,0,0,0,0,0,1,7,0,0,0,0
1,Rob Kelley,RB,WAS@ARI,0,0,0,0,0,0,0,3,7,0,0,0,0,0,0,0,0
1,Chris Ivory,RB,BUF@BAL,0,0,0,0,0,0,0,3,3,0,0,0,0,0,0,0,0
1,Corey Grant,RB,JAX@NYG,0,0,0,0,0,0,0,1,3,0,0,0,0,0,0,0,0
1,Wayne Gallman,RB,JAX@NYG,0,0,0,0,0,0,0,1,-1,0,0,2,9,0,0,0,0
1,Michael Burton,RB,CHI@GB,0,0,0,0,0,0,0,0,0,0,0,1,6,0,0,0,0
1,LeGarrette Blount,RB,NYJ@DET,0,0,0,0,0,0,0,4,-3,0,0,0,0,0,0,0,0
1,Mike Gillislee,RB,TB@NO,-1,0,0,0,0,0,0,3,9,0,0,0,0,0,0,1,0
2,Todd Gurley,RB,ARI@LA,29,0,0,0,0,0,0,19,42,3,2,3,31,0,0,0,0
2,Melvin Gordon,RB,LAC@BUF,23,0,0,0,0,0,0,9,28,1,0,6,38,2,0,0,0
2,Matt Breida,RB,DET@SF,21,0,0,0,0,0,0,11,138,1,0,3,21,0,0,0,0
2,Corey Clement,RB,PHI@TB,14,0,0,0,0,0,0,6,30,1,0,5,55,0,0,0,0
2,Bilal Powell,RB,MIA@NYJ,13,0,0,0,0,0,0,5,6,0,0,5,74,1,0,0,0
2,Christian McCaffrey,RB,CAR@ATL,13,0,0,0,0,0,0,8,37,0,0,14,102,0,0,0,0
2,Kareem Hunt,RB,KC@PIT,13,0,0,0,0,0,0,18,75,0,0,1,5,1,0,0,0
2,Ezekiel Elliott,RB,NYG@DAL,13,0,0,0,0,0,0,17,78,1,0,5,9,0,0,0,0
2,James Conner,RB,KC@PIT,13,0,0,0,0,0,0,8,17,1,0,5,48,0,1,0,0
2,Marshawn Lynch,RB,OAK@DEN,12,0,0,0,0,0,0,18,65,1,0,2,3,0,0,0,0
2,Kenyan Drake,RB,MIA@NYJ,12,0,0,0,0,0,0,11,53,1,0,4,17,0,0,0,0
2,Alvin Kamara,RB,CLE@NO,11,0,0,0,0,0,0,13,46,0,1,6,53,0,0,0,0
2,Tevin Coleman,RB,CAR@ATL,11,0,0,0,0,0,0,16,107,0,0,4,18,0,0,0,0
2,Phillip Lindsay,RB,OAK@DEN,10,0,0,0,0,0,0,14,107,0,0,1,4,0,0,0,0
2,Carlos Hyde,RB,CLE@NO,10,0,0,0,0,0,0,16,43,1,0,1,7,0,0,0,0
2,Saquon Barkley,RB,NYG@DAL,10,0,0,0,0,0,0,11,28,0,0,14,80,0,0,0,0
2,Chris Thompson,RB,IND@WAS,9,0,0,0,0,0,0,4,1,0,0,13,92,0,0,0,0
2,Chris Ivory,RB,LAC@BUF,9,0,0,0,0,0,0,2,7,1,0,1,30,0,0,0,0
2,Austin Ekeler,RB,LAC@BUF,9,0,0,0,0,0,0,11,77,0,0,3,21,0,0,0,0
2,Javorius Allen,RB,BAL@CIN,9,0,0,0,0,0,0,6,8,1,0,5,36,0,0,0,0
2,James White,RB,NE@JAX,8,0,0,0,0,0,0,4,11,0,0,7,73,0,0,0,0
2,Joe Mixon,RB,BAL@CIN,8,0,0,0,0,0,0,21,84,0,0,1,3,0,0,0,0
2,Royce Freeman,RB,OAK@DEN,8,0,0,0,0,0,0,8,28,1,0,0,0,0,0,0,0
2,Dalvin Cook,RB,MIN@GB,8,0,0,0,0,0,0,10,38,0,0,3,52,0,0,0,0
2,Alex Collins,RB,BAL@CIN,8,0,0,0,0,0,0,9,35,0,0,3,55,0,0,0,0
2,Jay Ajayi,RB,PHI@TB,8,0,0,0,0,0,0,7,23,1,0,1,4,0,0,0,0
2,Alfred Morris,RB,DET@SF,7,0,0,0,0,0,0,14,48,0,0,2,32,0,0,0,0
2,T.J. Yeldon,RB,NE@JAX,6,0,0,0,0,0,0,10,58,0,0,2,13,0,0,0,0
2,Jamaal Williams,RB,MIN@GB,6,0,0,0,0,0,0,16,59,0,0,3,12,0,0,0,0
2,Jordan Wilkins,RB,IND@WAS,6,0,0,0,0,0,0,10,61,0,0,2,3,0,0,0,0
2,Lamar Miller,RB,HOU@TEN,6,0,0,0,0,0,0,14,68,0,0,2,2,0,0,0,0
2,Kerryon Johnson,RB,DET@SF,6,0,0,0,0,0,0,8,43,0,0,5,23,0,0,0,0
2,Jordan Howard,RB,SEA@CHI,6,0,0,0,0,0,0,14,35,0,0,3,33,0,0,0,0
2,Nyheim Hines,RB,IND@WAS,6,0,0,0,0,0,0,4,7,1,0,1,-2,0,0,0,0
2,Corey Grant,RB,NE@JAX,6,0,0,0,0,0,0,4,13,0,0,6,56,0,0,0,0
2,Malcolm Brown,RB,ARI@LA,6,0,0,0,0,0,0,12,46,0,0,0,0,0,1,0,0
2,Adrian Peterson,RB,IND@WAS,5,0,0,0,0,0,0,11,20,0,0,3,30,0,0,0,0
2,LeSean McCoy,RB,LAC@BUF,5,0,0,0,0,0,0,9,39,0,0,4,29,0,0,0,0
2,Derrick Henry,RB,HOU@TEN,5,1,1,8,0,0,0,18,56,0,0,0,0,0,0,0,0
2,Ito Smith,RB,CAR@ATL,4,0,0,0,0,0,0,9,46,0,0,1,8,0,0,0,0
2,Theo Riddick,RB,DET@SF,4,0,0,0,0,0,0,0,0,0,0,9,47,0,0,0,0
2,Dion Lewis,RB,HOU@TEN,4,0,0,0,0,0,0,14,42,0,0,1,1,0,0,0,0
2,David Johnson,RB,ARI@LA,4,0,0,0,0,0,0,13,48,0,0,1,3,0,0,0,0
2,Jacquizz Rodgers,RB,PHI@TB,3,0,0,0,0,0,0,5,13,0,0,3,23,0,0,0,0
2,Rashaad Penny,RB,SEA@CHI,3,0,0,0,0,0,0,10,30,0,0,0,0,0,0,0,0
2,Ty Montgomery,RB,MIN@GB,3,0,0,0,0,0,0,5,31,0,0,1,9,0,0,0,0
2,Sony Michel,RB,NE@JAX,3,0,0,0,0,0,0,10,34,0,0,1,7,0,0,0,0
2,Marlon Mack,RB,IND@WAS,3,0,0,0,0,0,0,10,34,0,0,1,2,0,0,0,0
2,Frank Gore,RB,MIA@NYJ,3,0,0,0,0,0,0,9,25,0,0,1,19,0,0,0,0
2,Isaiah Crowell,RB,MIA@NYJ,3,0,0,0,0,0,0,12,35,0,0,2,4,0,0,0,0
2,Alfred Blue,RB,HOU@TEN,3,0,0,0,0,0,0,7,36,0,0,0,0,0,0,0,0
2,LeGarrette Blount,RB,DET@SF,3,0,0,0,0,0,0,8,38,0,0,1,-3,0,0,0,0
2,Giovani Bernard,RB,BAL@CIN,3,0,0,0,0,0,0,6,27,0,0,4,15,0,0,0,0
2,C.J. Anderson,RB,CAR@ATL,3,0,0,0,0,0,0,3,31,0,0,0,0,0,0,0,0
2,C.J. Prosise,RB,SEA@CHI,2,0,0,0,0,0,0,0,0,0,0,3,22,0,0,0,0
2,Doug Martin,RB,OAK@DEN,2,0,0,0,0,0,0,7,24,0,0,1,0,0,0,0,0
2,Patrick DiMarco,RB,LAC@BUF,2,0,0,0,0,0,0,0,0,0,0,1,24,0,0,0,0
2,Chris Carson,RB,SEA@CHI,2,0,0,0,0,0,0,6,24,0,0,0,0,0,0,0,0
2,Rex Burkhead,RB,NE@JAX,2,0,0,0,0,0,0,6,22,0,0,0,0,0,0,0,0
2,Peyton Barber,RB,PHI@TB,2,0,0,0,0,0,0,16,22,0,0,1,7,0,0,0,0
2,Wendell Smallwood,RB,PHI@TB,1,0,0,0,0,0,0,7,28,0,0,1,2,0,0,1,0
2,Roosevelt Nix,RB,KC@PIT,1,0,0,0,0,0,0,0,0,0,0,1,19,0,0,0,0
2,Latavius Murray,RB,MIN@GB,1,0,0,0,0,0,0,4,19,0,0,0,0,0,0,0,0
2,Kyle Juszczyk,RB,DET@SF,1,0,0,0,0,0,0,0,0,0,0,3,13,0,0,0,0
2,Andy Janovich,RB,OAK@DEN,1,0,0,0,0,0,0,0,0,0,0,1,11,0,0,0,0
2,Mike Gillislee,RB,CLE@NO,1,0,0,0,0,0,0,8,18,0,0,0,0,0,0,0,0
2,Wayne Gallman,RB,NYG@DAL,1,0,0,0,0,0,0,1,2,0,0,1,11,0,0,0,0
2,Chase Edmonds,RB,ARI@LA,1,0,0,0,0,0,0,1,5,0,0,5,15,0,0,0,0
2,Tarik Cohen,RB,SEA@CHI,1,0,0,0,0,0,0,4,8,0,0,1,17,0,0,0,0
2,Nick Chubb,RB,CLE@NO,1,0,0,0,0,0,0,2,14,0,0,0,0,0,0,0,0
2,Devontae Booker,RB,OAK@DEN,1,0,0,0,0,0,0,3,17,0,0,0,0,0,0,0,0
2,Shaun Wilson,RB,PHI@TB,0,0,0,0,0,0,0,1,9,0,0,0,0,0,0,0,0
2,Jonathan Williams,RB,CLE@NO,0,0,0,0,0,0,0,1,-1,0,0,0,0,0,0,0,0
2,Damien Williams,RB,KC@PIT,0,0,0,0,0,0,0,0,0,0,0,1,2,0,0,0,0
2,Brandon Wilds,RB,NE@JAX,0,0,0,0,0,0,0,3,4,0,0,0,0,0,0,0,0
2,Spencer Ware,RB,KC@PIT,0,0,0,0,0,0,0,1,3,0,0,0,0,0,0,0,0
2,Jonathan Stewart,RB,NYG@DAL,0,0,0,0,0,0,0,2,1,0,0,0,0,0,0,0,0
2,Stevan Ridley,RB,KC@PIT,0,0,0,0,0,0,0,1,2,0,0,1,5,0,0,0,0
2,Jalen Richard,RB,OAK@DEN,0,0,0,0,0,0,0,2,3,0,0,0,0,0,0,0,0
2,Detrez Newsome,RB,LAC@BUF,0,0,0,0,0,0,0,1,0,0,0,0,0,0,0,0,0
2,Marcus Murphy,RB,LAC@BUF,0,0,0,0,0,0,0,3,6,0,0,1,7,0,0,0,0
2,Zach Line,RB,CLE@NO,0,0,0,0,0,0,0,0,0,0,0,1,4,0,0,0,0
2,Rob Kelley,RB,IND@WAS,0,0,0,0,0,0,0,1,1,0,0,0,0,0,0,0,0
2,Duke Johnson,RB,CLE@NO,0,0,0,0,0,0,0,3,3,0,0,2,7,0,0,0,0
2,C.J. Ham,RB,MIN@GB,0,0,0,0,0,0,0,1,5,0,0,0,0,0,0,0,0
2,Mike Davis,RB,SEA@CHI,0,0,0,0,0,0,0,3,3,0,0,1,-1,0,0,0,0
2,Derrick Coleman,RB,ARI@LA,0,0,0,0,0,0,0,1,1,0,0,0,0,0,0,0,0
3,Adrian Peterson,RB,GB@WAS,24,0,0,0,0,0,0,19,120,2,0,0,0,0,0,0,0
3,Carlos Hyde,RB,NYJ@CLE,21,0,0,0,0,0,0,23,98,2,0,2,5,0,0,0,0
3,Todd Gurley,RB,LAC@LA,20,0,0,0,0,0,0,23,105,1,0,5,51,0,0,1,0
3,Christian McCaffrey,RB,CIN@CAR,19,0,0,0,0,0,0,28,184,0,0,2,10,0,0,0,0
3,Alvin Kamara,RB,NO@ATL,18,0,0,0,0,0,0,16,66,0,0,15,124,0,0,0,0
3,Chris Carson,RB,DAL@SEA,18,0,0,0,0,0,0,32,102,1,0,2,22,0,0,0,0
3,Saquon Barkley,RB,NYG@HOU,17,0,0,0,0,0,0,17,82,1,0,5,35,0,0,0,0
3,Kareem Hunt,RB,SF@KC,16,0,0,0,0,0,0,18,44,2,0,0,0,0,0,0,0
3,Isaiah Crowell,RB,NYJ@CLE,16,0,0,0,0,0,0,16,34,2,0,2,17,0,0,0,0
3,Wendell Smallwood,RB,IND@PHI,14,0,0,0,0,0,0,10,56,1,0,3,35,0,0,0,0
3,Marshawn Lynch,RB,OAK@MIA,14,0,0,0,0,0,0,19,64,1,0,3,22,0,0,0,0
3,Jordan Howard,RB,CHI@ARI,14,0,0,0,0,0,0,24,61,1,0,2,20,0,0,0,0
3,Melvin Gordon,RB,LAC@LA,14,0,0,0,0,0,0,15,80,1,0,2,4,0,0,0,0
3,Giovani Bernard,RB,CIN@CAR,14,0,0,0,0,0,0,12,61,1,0,5,25,0,0,0,0
3,Javorius Allen,RB,DEN@BAL,13,0,0,0,0,0,0,6,7,1,0,3,19,1,0,0,0
3,Alfred Morris,RB,SF@KC,12,0,0,0,0,0,0,14,67,1,0,0,0,0,0,0,0
3,David Johnson,RB,CHI@ARI,12,0,0,0,0,0,0,12,31,0,0,4,30,1,0,0,0
3,Chris Ivory,RB,BUF@MIN,12,0,0,0,0,0,0,20,56,0,0,3,70,0,0,0,0
3,Ezekiel Elliott,RB,DAL@SEA,12,0,0,0,0,0,0,16,127,0,0,3,11,0,0,1,0
3,Alex Collins,RB,DEN@BAL,12,0,0,0,0,0,0,18,68,1,0,3,6,0,0,0,0
3,Royce Freeman,RB,DEN@BAL,11,0,0,0,0,0,0,13,53,1,0,1,5,0,0,0,0
3,Matt Breida,RB,SF@KC,11,0,0,0,0,0,0,10,90,0,0,3,27,0,0,0,0
3,James White,RB,NE@DET,10,0,0,0,0,0,0,4,37,0,0,3,14,1,0,0,0
3,Lamar Miller,RB,NYG@HOU,10,0,0,0,0,0,0,10,10,0,0,5,41,1,0,1,0
3,Kerryon Johnson,RB,NE@DET,10,0,0,0,0,0,0,16,101,0,0,2,9,0,0,0,0
3,Tevin Coleman,RB,NO@ATL,10,0,0,0,0,0,0,15,33,0,0,2,14,1,0,0,0
3,Kyle Juszczyk,RB,SF@KC,9,0,0,0,0,0,0,0,0,0,0,2,38,1,0,0,0
3,James Conner,RB,PIT@TB,9,0,0,0,0,0,0,15,61,0,0,5,34,0,0,0,0
3,T.J. Yeldon,RB,TEN@JAX,8,0,0,0,0,0,0,7,44,0,0,6,46,0,0,0,0
3,C.J. Anderson,RB,CIN@CAR,8,0,0,0,0,0,0,2,9,0,0,1,24,1,0,0,0
3,Bilal Powell,RB,NYJ@CLE,7,0,0,0,0,0,0,14,73,0,0,0,0,0,0,0,0
3,Zach Line,RB,NO@ATL,6,0,0,0,0,0,0,0,0,0,0,2,6,1,0,0,0
3,Tarik Cohen,RB,CHI@ARI,6,0,0,0,0,0,0,5,53,0,0,3,15,0,0,0,0
3,Corey Clement,RB,IND@PHI,6,0,0,0,0,0,0,16,56,0,0,3,19,0,0,0,0
3,Jalen Richard,RB,OAK@MIA,5,0,0,0,0,0,0,0,0,0,0,6,59,0,0,0,0
3,Ty Montgomery,RB,GB@WAS,5,0,0,0,0,0,0,4,16,0,0,6,49,0,0,0,0
3,Sony Michel,RB,NE@DET,5,0,0,0,0,0,0,14,50,0,0,1,-1,0,0,0,0
3,Derrick Henry,RB,TEN@JAX,5,0,0,0,0,0,0,18,57,0,0,0,0,0,0,0,0
3,Austin Ekeler,RB,LAC@LA,5,0,0,0,0,0,0,4,47,0,0,3,24,0,0,1,0
3,LeGarrette Blount,RB,NE@DET,5,0,0,0,0,0,0,16,48,0,0,2,17,0,0,0,0
3,Ito Smith,RB,NO@ATL,4,0,0,0,0,0,0,2,-6,0,0,3,41,0,0,0,0
3,Doug Martin,RB,OAK@MIA,4,0,0,0,0,0,0,9,43,0,0,0,0,0,0,0,0
3,Aaron Jones,RB,GB@WAS,4,0,0,0,0,0,0,6,42,0,0,1,5,0,0,0,0
3,C.J. Ham,RB,BUF@MIN,4,0,0,0,0,0,0,0,0,0,0,5,47,0,0,0,0
3,Malcolm Brown,RB,LAC@LA,4,0,0,0,0,0,0,5,42,0,0,0,0,0,0,0,0
3,Devontae Booker,RB,DEN@BAL,4,0,0,0,0,0,0,5,10,0,0,5,34,0,0,0,0
3,Jamaal Williams,RB,GB@WAS,3,0,0,0,0,0,0,5,29,0,0,2,16,0,0,0,0
3,Theo Riddick,RB,NE@DET,3,0,0,0,0,0,0,0,0,0,0,3,36,0,0,0,0
3,Latavius Murray,RB,BUF@MIN,3,0,0,0,0,0,0,2,1,0,0,5,30,0,0,0,0
3,Marcus Murphy,RB,BUF@MIN,3,0,0,0,0,0,0,8,33,0,0,1,1,0,0,0,0
3,Dion Lewis,RB,TEN@JAX,3,0,0,0,0,0,0,9,26,0,0,3,14,0,0,0,0
3,Nyheim Hines,RB,IND@PHI,3,0,0,0,0,0,0,5,18,0,0,5,25,0,0,0,0
3,Peyton Barber,RB,PIT@TB,3,0,0,0,0,0,0,8,33,0,0,0,0,0,0,0,0
3,Josh Adams,RB,IND@PHI,3,0,0,0,0,0,0,6,30,0,0,0,0,0,0,0,0
3,Spencer Ware,RB,SF@KC,2,0,0,0,0,0,0,1,1,0,0,2,29,0,0,0,0
3,Phillip Lindsay,RB,DEN@BAL,2,0,0,0,0,0,0,4,20,0,0,0,0,0,0,0,0
3,Duke Johnson,RB,NYJ@CLE,2,0,0,0,0,0,0,2,9,0,0,2,24,0,0,0,0
3,Wayne Gallman,RB,NYG@HOU,2,0,0,0,0,0,0,6,25,0,0,0,0,0,0,0,0
3,Rex Burkhead,RB,NE@DET,2,0,0,0,0,0,0,0,0,0,0,2,26,0,0,0,0
3,Damien Williams,RB,SF@KC,1,0,0,0,0,0,0,0,0,0,0,2,16,0,0,0,0
3,Jordan Wilkins,RB,IND@PHI,1,0,0,0,0,0,0,6,19,0,0,2,1,0,0,0,0
3,Chris Thompson,RB,GB@WAS,1,0,0,0,0,0,0,6,17,0,0,1,0,0,0,0,0
3,Anthony Sherman,RB,SF@KC,1,0,0,0,0,0,0,0,0,0,0,1,16,0,0,0,0
3,Jacquizz Rodgers,RB,PIT@TB,1,0,0,0,0,0,0,2,-1,0,0,2,18,0,0,0,0
3,Stevan Ridley,RB,PIT@TB,1,0,0,0,0,0,0,3,18,0,0,0,0,0,0,0,0
3,Corey Grant,RB,TEN@JAX,1,0,0,0,0,0,0,6,11,0,0,1,-1,0,0,0,0
3,Frank Gore,RB,OAK@MIA,1,0,0,0,0,0,0,6,12,0,0,0,0,0,0,0,0
3,Mike Gillislee,RB,NO@ATL,1,0,0,0,0,0,0,3,10,0,0,0,0,0,0,0,0
3,Chase Edmonds,RB,CHI@ARI,1,0,0,0,0,0,0,5,10,0,0,0,0,0,0,0,0
3,Derrick Coleman,RB,CHI@ARI,1,0,0,0,0,0,0,0,0,0,0,1,12,0,0,0,0
3,Mike Boone,RB,BUF@MIN,1,0,0,0,0,0,0,2,11,0,0,1,0,0,0,0,0
3,Alfred Blue,RB,NYG@HOU,1,0,0,0,0,0,0,4,13,0,0,1,4,0,0,0,0
3,Shaun Wilson,RB,PIT@TB,0,0,0,0,0,0,0,0,0,0,0,2,9,0,0,0,0
3,Jonathan Williams,RB,NO@ATL,0,0,0,0,0,0,0,1,1,0,0,1,1,0,0,0,0
3,Brandon Wilds,RB,TEN@JAX,0,0,0,0,0,0,0,1,5,0,0,0,0,0,0,0,0
3,Jonathan Stewart,RB,NYG@HOU,0,0,0,0,0,0,0,2,8,0,0,0,0,0,0,0,0
3,Rashaad Penny,RB,DAL@SEA,0,0,0,0,0,0,0,3,5,0,0,0,0,0,0,0,0
3,Raheem Mostert,RB,SF@KC,0,0,0,0,0,0,0,1,0,0,0,1,8,0,0,0,0
3,Tre Madden,RB,DAL@SEA,0,0,0,0,0,0,0,1,2,0,0,0,0,0,0,0,0
3,Andy Janovich,RB,DEN@BAL,0,0,0,0,0,0,0,1,2,0,0,0,0,0,0,0,0
3,Kenyan Drake,RB,OAK@MIA,0,0,0,0,0,0,0,5,3,0,0,2,7,0,0,0,0
3,Mike Davis,RB,DAL@SEA,0,0,0,0,0,0,0,0,0,0,0,1,7,0,0,0,0
3,Benny Cunningham,RB,CHI@ARI,0,0,0,0,0,0,0,0,0,0,0,1,9,0,0,0,0
3,Nick Chubb,RB,NYJ@CLE,0,0,0,0,0,0,0,2,6,0,0,0,0,0,0,0,0
3,Tommy Bohanon,RB,TEN@JAX,0,0,0,0,0,0,0,0,0,0,0,1,5,0,0,0,0
3,Kapri Bibbs,RB,GB@WAS,0,0,0,0,0,0,0,2,3,0,0,0,0,0,0,0,0
4,Alvin Kamara,RB,NO@NYG,35,0,0,0,0,0,0,19,134,3,0,5,47,0,0,0,0
4,Ezekiel Elliott,RB,DET@DAL,29,0,0,0,0,0,0,25,152,0,0,4,88,1,0,0,0
4,Mike Davis,RB,SEA@ARI,24,0,0,0,0,0,0,21,101,2,0,4,23,0,0,0,0
4,Kareem Hunt,RB,KC@DEN,23,0,0,0,0,0,0,19,121,1,0,3,54,0,0,0,0
4,Melvin Gordon,RB,SF@LAC,23,0,0,0,0,0,0,15,104,0,0,7,55,1,1,0,0
4,Tarik Cohen,RB,TB@CHI,23,0,0,0,0,0,0,13,53,0,0,7,121,1,0,0,0
4,James White,RB,MIA@NE,22,0,0,0,0,0,0,8,44,1,0,8,68,1,0,0,0
4,Nick Chubb,RB,CLE@OAK,22,0,0,0,0,0,0,3,105,2,0,0,0,0,0,0,0
4,Todd Gurley,RB,MIN@LA,21,0,0,0,0,0,0,17,83,0,0,4,73,1,0,0,0
4,T.J. Yeldon,RB,NYJ@JAX,20,0,0,0,0,0,0,18,52,1,0,3,48,1,0,1,0
4,Giovani Bernard,RB,CIN@ATL,20,0,0,0,0,0,0,15,69,2,0,4,27,0,0,0,0
4,Nyheim Hines,RB,HOU@IND,19,0,0,0,0,0,0,4,10,0,0,9,63,2,0,0,0
4,Sony Michel,RB,MIA@NE,17,0,0,0,0,0,0,25,112,1,0,0,0,0,0,0,0
4,David Johnson,RB,SEA@ARI,16,0,0,0,0,0,0,22,71,1,0,3,41,0,0,1,0
4,Marshawn Lynch,RB,CLE@OAK,15,0,0,0,0,0,0,20,130,0,0,3,27,0,0,0,0
4,Saquon Barkley,RB,NO@NYG,15,0,0,0,0,0,0,10,44,1,0,6,56,0,0,0,0
4,Carlos Hyde,RB,CLE@OAK,14,0,0,0,0,0,0,22,82,1,0,0,0,0,0,0,0
4,Phillip Lindsay,RB,KC@DEN,13,0,0,0,0,0,0,12,69,1,0,2,10,0,0,0,0
4,Aaron Jones,RB,BUF@GB,13,0,0,0,0,0,0,11,65,1,0,1,17,0,0,0,0
4,Royce Freeman,RB,KC@DEN,12,0,0,0,0,0,0,8,67,1,0,0,0,0,0,0,0
4,Kerryon Johnson,RB,DET@DAL,11,0,0,0,0,0,0,9,55,1,0,1,1,0,0,0,0
4,Frank Gore,RB,MIA@NE,11,0,0,0,0,0,0,11,41,0,0,2,16,1,0,0,0
4,Austin Ekeler,RB,SF@LAC,11,0,0,0,0,0,0,8,25,0,0,2,31,1,0,0,0
4,Ito Smith,RB,CIN@ATL,10,0,0,0,0,0,0,7,35,1,0,3,13,0,0,0,0
4,Duke Johnson,RB,CLE@OAK,9,0,0,0,0,0,0,2,11,0,2,4,45,0,0,0,0
4,Alex Collins,RB,BAL@PIT,9,0,0,0,0,0,0,11,42,0,0,1,3,1,0,1,0
4,Jay Ajayi,RB,PHI@TEN,8,0,0,0,0,0,0,15,70,0,0,3,11,0,0,0,0
4,Tevin Coleman,RB,CIN@ATL,7,0,0,0,0,0,0,14,51,0,0,3,26,0,0,0,0
4,Ty Montgomery,RB,BUF@GB,6,0,0,0,0,0,0,5,18,0,0,2,56,0,0,0,0
4,Dion Lewis,RB,PHI@TEN,6,0,0,0,0,0,0,4,0,0,0,9,66,0,0,0,0
4,Matt Breida,RB,SF@LAC,6,0,0,0,0,0,0,9,39,0,0,3,32,0,0,0,0
4,James Conner,RB,BAL@PIT,5,0,0,0,0,0,0,9,19,0,0,3,25,0,1,0,0
4,Wendell Smallwood,RB,PHI@TEN,4,0,0,0,0,0,0,5,39,0,0,3,15,0,0,0,0
4,Bilal Powell,RB,NYJ@JAX,4,0,0,0,0,0,0,8,26,0,0,4,26,0,0,0,0
4,Rashaad Penny,RB,SEA@ARI,4,0,0,0,0,0,0,9,49,0,0,0,0,0,0,0,0
4,Lamar Miller,RB,HOU@IND,4,0,0,0,0,0,0,14,49,0,0,0,0,0,0,0,0
4,Javorius Allen,RB,BAL@PIT,4,0,0,0,0,0,0,10,30,0,0,2,17,0,0,0,0
4,Jalen Richard,RB,CLE@OAK,3,0,0,0,0,0,0,1,-2,0,0,3,38,0,0,0,0
4,Latavius Murray,RB,MIN@LA,3,0,0,0,0,0,0,2,2,0,0,2,16,0,1,0,0
4,LeSean McCoy,RB,BUF@GB,3,0,0,0,0,0,0,5,24,0,0,3,13,0,0,0,0
4,Andy Janovich,RB,KC@DEN,3,0,0,0,0,0,0,0,0,0,0,1,32,0,0,0,0
4,Leonard Fournette,RB,NYJ@JAX,3,0,0,0,0,0,0,11,30,0,0,1,5,0,0,0,0
4,Alfred Blue,RB,HOU@IND,3,0,0,0,0,0,0,13,31,0,0,0,0,0,0,0,0
4,Jamaal Williams,RB,BUF@GB,2,0,0,0,0,0,0,11,27,0,0,0,0,0,0,0,0
4,Mark Walton,RB,CIN@ATL,2,0,0,0,0,0,0,5,9,0,0,2,28,0,0,0,0
4,Rod Smith,RB,DET@DAL,2,0,0,0,0,0,0,6,22,0,0,1,0,0,0,0,0
4,Theo Riddick,RB,DET@DAL,2,0,0,0,0,0,0,1,7,0,0,4,20,0,0,0,0
4,Ronald Jones II,RB,TB@CHI,2,0,0,0,0,0,0,10,29,0,0,1,-1,0,0,0,0
4,Jordan Howard,RB,TB@CHI,2,0,0,0,0,0,0,11,25,0,0,0,0,0,0,0,0
4,Derrick Henry,RB,PHI@TEN,2,0,0,0,0,0,0,8,24,0,0,2,7,0,0,0,0
4,Dalvin Cook,RB,MIN@LA,2,0,0,0,0,0,0,10,20,0,0,0,0,0,0,0,0
4,Peyton Barber,RB,TB@CHI,2,0,0,0,0,0,0,7,24,0,0,1,6,0,0,0,0
4,Jordan Wilkins,RB,HOU@IND,1,0,0,0,0,0,0,8,16,0,0,0,0,0,0,0,0
4,De'Lance Turner,RB,BAL@PIT,1,0,0,0,0,0,0,1,4,0,0,1,10,0,0,0,0
4,De'Anthony Thomas,RB,KC@DEN,1,0,0,0,0,0,0,1,6,0,0,1,15,0,0,0,0
4,Alfred Morris,RB,SF@LAC,1,0,0,0,0,0,0,4,14,0,0,1,4,0,0,0,0
4,Doug Martin,RB,CLE@OAK,1,0,0,0,0,0,0,5,11,0,0,0,0,0,0,0,0
4,Kyle Juszczyk,RB,SF@LAC,1,0,0,0,0,0,0,0,0,0,0,2,15,0,0,0,0
4,Chris Ivory,RB,BUF@GB,1,0,0,0,0,0,0,6,15,0,0,0,0,0,0,0,0
4,Corey Grant,RB,NYJ@JAX,1,0,0,0,0,0,0,1,5,0,0,2,12,0,0,0,0
4,Kenyan Drake,RB,MIA@NE,1,0,0,0,0,0,0,3,3,0,0,1,13,0,0,0,0
4,LeGarrette Blount,RB,DET@DAL,1,0,0,0,0,0,0,7,12,0,0,0,0,0,0,0,0
4,Kenjon Barner,RB,MIA@NE,1,0,0,0,0,0,0,3,11,0,0,0,0,0,0,0,0
4,Dwayne Washington,RB,NO@NYG,0,0,0,0,0,0,0,2,2,0,0,0,0,0,0,0,0
4,Spencer Ware,RB,KC@DEN,0,0,0,0,0,0,0,2,6,0,0,0,0,0,0,0,0
4,Roc Thomas,RB,MIN@LA,0,0,0,0,0,0,0,1,4,0,0,0,0,0,0,0,0
4,Jeremy McNichols,RB,HOU@IND,0,0,0,0,0,0,0,2,4,0,0,0,0,0,0,0,0
4,C.J. Ham,RB,MIN@LA,0,0,0,0,0,0,0,0,0,0,0,2,7,0,0,0,0
4,Mike Gillislee,RB,NO@NYG,0,0,0,0,0,0,0,2,6,0,0,1,9,0,0,0,0
4,Wayne Gallman,RB,NO@NYG,0,0,0,0,0,0,0,2,6,0,0,3,17,0,0,1,0
4,Chase Edmonds,RB,SEA@ARI,0,0,0,0,0,0,0,3,1,0,0,0,0,0,0,0,0
4,Benny Cunningham,RB,TB@CHI,0,0,0,0,0,0,0,1,0,0,0,0,0,0,0,0,0
4,Isaiah Crowell,RB,NYJ@JAX,0,0,0,0,0,0,0,4,0,0,0,1,3,0,0,0,0
4,Derrick Coleman,RB,SEA@ARI,0,0,0,0,0,0,0,0,0,0,0,1,5,0,0,0,0
4,Mike Boone,RB,MIN@LA,0,0,0,0,0,0,0,0,0,0,0,1,1,0,0,0,0
4,Devontae Booker,RB,KC@DEN,0,0,0,0,0,0,0,1,5,0,0,1,9,0,0,0,0
4,Kalen Ballage,RB,MIA@NE,0,0,0,0,0,0,0,1,3,0,0,0,0,0,0,0,0
5,James Conner,RB,ATL@PIT,30,0,0,0,0,0,0,21,110,2,0,4,75,0,0,0,0
5,Todd Gurley,RB,LA@SEA,28,0,0,0,0,0,0,22,77,3,0,4,36,0,0,0,0
5,Isaiah Crowell,RB,DEN@NYJ,28,0,0,0,0,0,0,15,219,1,0,1,12,0,0,0,0
5,Saquon Barkley,RB,NYG@CAR,24,0,0,0,0,0,0,15,48,0,0,4,81,2,0,0,0
5,Mark Ingram,RB,WAS@NO,19,0,0,0,0,0,0,16,53,2,0,2,20,0,0,0,0
5,David Johnson,RB,ARI@SF,18,0,0,0,0,0,0,18,55,2,0,2,16,0,0,0,0
5,T.J. Yeldon,RB,JAX@KC,17,0,0,0,0,0,0,10,53,0,0,8,69,1,0,0,0
5,Joe Mixon,RB,MIA@CIN,17,0,0,0,0,0,0,22,93,0,0,3,22,1,0,0,0
5,Melvin Gordon,RB,OAK@LAC,17,0,0,0,0,0,0,19,58,1,0,4,62,0,0,0,0
5,Sony Michel,RB,IND@NE,16,0,0,0,0,0,0,18,98,1,0,1,12,0,0,0,0
5,Kenyan Drake,RB,MIA@CIN,16,0,0,0,0,0,0,6,46,0,0,7,69,1,0,0,0
5,Wendell Smallwood,RB,MIN@PHI,14,0,0,0,0,0,0,3,27,0,1,3,44,1,0,0,0
5,Christian McCaffrey,RB,NYG@CAR,14,0,0,0,0,0,0,17,58,0,0,5,35,1,0,0,0
5,Kareem Hunt,RB,JAX@KC,14,0,0,0,0,0,0,22,87,1,0,1,7,0,0,0,0
5,LeGarrette Blount,RB,GB@DET,14,0,0,0,0,0,0,12,22,2,0,0,0,0,0,0,0
5,James White,RB,IND@NE,13,0,0,0,0,0,0,2,0,0,0,10,77,1,0,0,0
5,Mike Davis,RB,LA@SEA,12,0,0,0,0,0,0,12,68,1,0,2,7,0,0,0,0
5,Chris Carson,RB,LA@SEA,12,0,0,0,0,0,0,19,116,0,0,1,11,0,0,0,0
5,Austin Ekeler,RB,OAK@LAC,11,0,0,0,0,0,0,6,15,0,0,1,44,1,0,0,0
5,Matt Breida,RB,ARI@SF,11,0,0,0,0,0,0,8,56,0,0,1,5,1,0,0,0
5,Alfred Blue,RB,DAL@HOU,11,0,0,0,0,0,0,20,46,0,0,8,73,0,0,0,0
5,LeSean McCoy,RB,TEN@BUF,10,0,0,0,0,0,0,24,85,0,0,2,23,0,0,0,0
5,Alfred Morris,RB,ARI@SF,9,0,0,0,0,0,0,18,61,0,0,3,30,0,0,0,0
5,Bilal Powell,RB,DEN@NYJ,8,0,0,0,0,0,0,20,99,0,0,0,0,0,0,1,0
5,Phillip Lindsay,RB,DEN@NYJ,8,0,0,0,0,0,0,12,61,0,0,3,20,0,0,0,0
5,Kyle Juszczyk,RB,ARI@SF,8,0,0,0,0,0,0,1,12,0,0,6,75,0,0,0,0
5,Kerryon Johnson,RB,GB@DET,8,0,0,0,0,0,0,12,70,0,0,2,15,0,0,0,0
5,Nyheim Hines,RB,IND@NE,8,0,0,0,0,0,0,15,45,0,0,7,45,0,0,0,0
5,Ezekiel Elliott,RB,DAL@HOU,8,0,0,0,0,0,0,20,54,0,0,7,30,0,0,0,0
5,Carlos Hyde,RB,BAL@CLE,7,0,0,0,0,0,0,17,63,0,0,2,14,0,0,0,0
5,Jamaal Williams,RB,GB@DET,6,0,0,0,0,0,0,6,33,0,0,2,19,0,1,0,0
5,Ito Smith,RB,ATL@PIT,6,0,0,0,0,0,0,3,5,1,0,1,5,0,0,0,0
5,Frank Gore,RB,MIA@CIN,6,0,0,0,0,0,0,12,63,0,0,0,0,0,0,0,0
5,Kapri Bibbs,RB,WAS@NO,6,0,0,0,0,0,0,4,9,1,0,0,0,0,0,0,0
5,Javorius Allen,RB,BAL@CLE,6,0,0,0,0,0,0,8,34,0,0,6,44,0,0,1,0
5,Chris Thompson,RB,WAS@NO,5,0,0,0,0,0,0,8,17,0,0,6,45,0,0,0,0
5,Jalen Richard,RB,OAK@LAC,5,0,0,0,0,0,0,1,4,0,0,6,53,0,0,0,0
5,Latavius Murray,RB,MIN@PHI,5,0,0,0,0,0,0,11,42,0,0,2,14,0,0,0,0
5,Aaron Jones,RB,GB@DET,5,0,0,0,0,0,0,7,40,0,0,2,19,0,0,0,0
5,Derrick Henry,RB,TEN@BUF,5,0,0,0,0,0,0,11,56,0,0,0,0,0,0,0,0
5,Alex Collins,RB,BAL@CLE,5,0,0,0,0,0,0,12,59,0,0,1,7,0,0,0,0
5,Devontae Booker,RB,DEN@NYJ,5,0,0,0,0,0,0,0,0,0,0,5,59,0,0,0,0
5,Marshawn Lynch,RB,OAK@LAC,4,0,0,0,0,0,0,9,31,0,0,2,10,0,0,0,0
5,Chris Ivory,RB,TEN@BUF,4,0,0,0,0,0,0,14,43,0,0,0,0,0,0,0,0
5,Royce Freeman,RB,DEN@NYJ,4,0,0,0,0,0,0,5,31,0,0,3,16,0,0,0,0
5,Adrian Peterson,RB,WAS@NO,3,0,0,0,0,0,0,4,6,0,0,2,36,0,0,0,0
5,Ty Montgomery,RB,GB@DET,3,0,0,0,0,0,0,4,15,0,0,1,23,0,0,0,0
5,Dion Lewis,RB,TEN@BUF,3,0,0,0,0,0,0,12,34,0,0,3,14,0,0,1,0
5,Alvin Kamara,RB,WAS@NO,3,0,0,0,0,0,0,6,24,0,0,3,15,0,0,0,0
5,Duke Johnson,RB,BAL@CLE,3,0,0,0,0,0,0,5,35,0,0,1,7,0,0,0,0
5,Devonta Freeman,RB,ATL@PIT,3,0,0,0,0,0,0,8,32,0,0,2,9,0,0,0,0
5,Jordan Wilkins,RB,IND@NE,2,0,0,0,0,0,0,6,39,0,0,2,9,0,0,1,0
5,Theo Riddick,RB,GB@DET,2,0,0,0,0,0,0,3,3,0,0,2,20,0,0,0,0
5,Tevin Coleman,RB,ATL@PIT,2,0,0,0,0,0,0,7,15,0,0,2,15,0,0,0,0
5,Spencer Ware,RB,JAX@KC,1,0,0,0,0,0,0,1,0,0,0,1,13,0,0,0,0
5,De'Anthony Thomas,RB,JAX@KC,1,0,0,0,0,0,0,0,0,0,0,1,13,0,0,0,0
5,Rod Smith,RB,DAL@HOU,1,0,0,0,0,0,0,3,10,0,0,0,0,0,0,0,0
5,Anthony Sherman,RB,JAX@KC,1,0,0,0,0,0,0,0,0,0,0,1,15,0,0,0,0
5,Jay Ajayi,RB,MIN@PHI,1,0,0,0,0,0,0,8,29,0,0,1,5,0,0,1,0
5,Damien Williams,RB,JAX@KC,0,0,0,0,0,0,0,1,0,0,0,0,0,0,0,0,0
5,Brandon Wilds,RB,JAX@KC,0,0,0,0,0,0,0,2,6,0,0,0,0,0,0,0,0
5,Mark Walton,RB,MIA@CIN,0,0,0,0,0,0,0,0,0,0,0,2,3,0,0,0,0
5,De'Lance Turner,RB,BAL@CLE,0,0,0,0,0,0,0,0,0,0,0,1,7,0,0,0,0
5,Roc Thomas,RB,MIN@PHI,0,0,0,0,0,0,0,4,8,0,0,1,6,0,0,0,0
5,Stevan Ridley,RB,ATL@PIT,0,0,0,0,0,0,0,5,8,0,0,0,0,0,0,0,0
5,Raheem Mostert,RB,ARI@SF,0,0,0,0,0,0,0,5,11,0,0,1,-2,0,0,1,0
5,Doug Martin,RB,OAK@LAC,0,0,0,0,0,0,0,2,1,0,0,0,0,0,0,0,0
5,C.J. Ham,RB,MIN@PHI,0,0,0,0,0,0,0,0,0,0,0,1,7,0,0,0,0
5,Corey Grant,RB,JAX@KC,0,0,0,0,0,0,0,1,8,0,0,0,0,0,0,0,0
5,Chase Edmonds,RB,ARI@SF,0,0,0,0,0,0,0,1,-1,0,0,0,0,0,0,0,0
5,Nick Chubb,RB,BAL@CLE,0,0,0,0,0,0,0,3,2,0,0,0,0,0,0,0,0
5,Mike Boone,RB,MIN@PHI,0,0,0,0,0,0,0,1,1,0,0,0,0,0,0,0,0
5,Kalen Ballage,RB,MIA@CIN,0,0,0,0,0,0,0,1,2,0,0,0,0,0,0,0,0
5,C.J. Anderson,RB,NYG@CAR,0,0,0,0,0,0,0,4,9,0,0,0,0,0,0,0,0
5,Josh Adams,RB,MIN@PHI,0,0,0,0,0,0,0,1,-1,0,0,0,0,0,0,0,0
6,Todd Gurley,RB,LA@DEN,33,0,0,0,0,0,0,28,208,2,0,2,17,0,0,0,0
6,Melvin Gordon,RB,LAC@CLE,32,0,0,0,0,0,0,18,132,3,0,2,18,0,0,0,0
6,Saquon Barkley,RB,PHI@NYG,28,0,0,0,0,0,0,13,130,1,0,9,99,0,0,0,0
6,Kareem Hunt,RB,KC@NE,24,0,0,0,0,0,0,10,80,0,0,5,105,1,0,0,0
6,James Conner,RB,PIT@CIN,24,0,0,0,0,0,0,19,111,2,0,4,18,0,0,0,0
6,Sony Michel,RB,KC@NE,22,0,0,0,0,0,0,24,106,2,0,0,0,0,0,0,0
6,Latavius Murray,RB,ARI@MIN,21,0,0,0,0,0,0,24,155,1,0,1,3,0,0,0,0
6,Ezekiel Elliott,RB,JAX@DAL,17,0,0,0,0,0,0,24,106,1,0,1,11,0,0,0,0
6,Alex Collins,RB,BAL@TEN,17,0,0,0,0,0,0,19,54,2,0,0,0,0,0,0,0
6,Tarik Cohen,RB,CHI@MIA,17,0,0,0,0,0,0,5,31,1,0,7,90,0,0,1,0
6,Peyton Barber,RB,TB@ATL,16,0,0,0,0,0,0,13,82,0,0,4,24,1,0,0,0
6,Joe Mixon,RB,PIT@CIN,14,0,0,0,0,0,0,11,64,1,0,4,20,0,0,0,0
6,Corey Clement,RB,PHI@NYG,12,0,0,0,0,0,0,11,43,1,0,3,26,0,0,0,0
6,Matt Breida,RB,SF@GB,12,0,0,0,0,0,0,14,61,1,0,0,0,0,0,0,0
6,David Johnson,RB,ARI@MIN,11,0,0,0,0,0,0,18,54,1,0,2,15,0,0,1,0
6,Frank Gore,RB,CHI@MIA,11,0,0,0,0,0,0,15,101,0,0,1,18,0,0,0,0
6,Duke Johnson,RB,LAC@CLE,10,0,0,0,0,0,0,2,36,0,0,4,73,0,0,0,0
6,Adrian Peterson,RB,CAR@WAS,9,0,0,0,0,0,0,17,97,0,0,0,0,0,0,0,0
6,LeSean McCoy,RB,BUF@HOU,9,0,0,0,0,0,0,16,73,0,0,3,21,0,0,0,0
6,Tevin Coleman,RB,TB@ATL,9,0,0,0,0,0,0,10,35,0,0,1,6,1,0,0,0
6,James White,RB,KC@NE,8,0,0,0,0,0,0,6,39,0,0,5,53,0,0,0,0
6,Ito Smith,RB,TB@ATL,8,0,0,0,0,0,0,11,22,1,0,2,-1,0,0,0,0
6,Raheem Mostert,RB,SF@GB,8,0,0,0,0,0,0,12,87,0,0,0,0,0,0,0,0
6,Ty Montgomery,RB,SF@GB,8,0,0,0,0,0,0,4,12,1,0,2,10,0,0,0,0
6,Marlon Mack,RB,IND@NYJ,8,0,0,0,0,0,0,12,89,0,0,1,4,0,0,0,0
6,T.J. Yeldon,RB,JAX@DAL,6,0,0,0,0,0,0,8,41,0,0,3,29,0,0,0,0
6,Rashaad Penny,RB,SEA@OAK,6,0,0,0,0,0,0,9,43,0,0,2,27,0,0,0,0
6,Lamar Miller,RB,BUF@HOU,6,0,0,0,0,0,0,15,46,0,0,2,25,0,0,0,0
6,Christian McCaffrey,RB,CAR@WAS,6,0,0,0,0,0,0,8,20,0,0,7,46,0,0,0,0
6,Austin Ekeler,RB,LAC@CLE,6,0,0,0,0,0,0,7,60,0,0,0,0,0,0,0,0
6,Kenyan Drake,RB,CHI@MIA,6,0,0,0,0,0,0,13,57,0,0,4,21,0,0,1,0
6,Wendell Smallwood,RB,PHI@NYG,5,0,0,0,0,0,0,18,51,0,0,1,0,0,0,0,0
6,Bilal Powell,RB,IND@NYJ,5,0,0,0,0,0,0,16,59,0,0,0,0,0,0,0,0
6,Marshawn Lynch,RB,SEA@OAK,5,0,0,0,0,0,0,13,45,0,0,3,14,0,0,0,0
6,Phillip Lindsay,RB,LA@DEN,5,0,0,0,0,0,0,4,18,0,0,6,48,0,0,0,0
6,Jordan Howard,RB,CHI@MIA,5,0,0,0,0,0,0,14,69,0,0,0,0,0,0,1,0
6,Isaiah Crowell,RB,IND@NYJ,5,0,0,0,0,0,0,13,40,0,0,2,12,0,0,0,0
6,Chris Carson,RB,SEA@OAK,5,0,0,0,0,0,0,14,59,0,0,0,0,0,0,0,0
6,Jalen Richard,RB,SEA@OAK,4,0,0,0,0,0,0,2,3,0,0,7,48,0,0,0,0
6,Aaron Jones,RB,SF@GB,4,0,0,0,0,0,0,8,41,0,0,0,0,0,0,0,0
6,Gus Edwards,RB,BAL@TEN,4,0,0,0,0,0,0,10,42,0,0,0,0,0,0,0,0
6,Jamaal Williams,RB,SF@GB,3,0,0,0,0,0,0,6,29,0,0,1,10,0,0,0,0
6,Carlos Hyde,RB,LAC@CLE,3,0,0,0,0,0,0,14,34,0,0,0,0,0,0,0,0
6,Nyheim Hines,RB,IND@NYJ,3,0,0,0,0,0,0,3,14,0,0,2,21,0,0,0,0
6,Wayne Gallman,RB,PHI@NYG,3,0,0,0,0,0,0,4,17,0,0,2,25,0,0,0,0
6,Alfred Blue,RB,BUF@HOU,3,0,0,0,0,0,0,7,26,0,0,2,17,0,0,0,0
6,Kyle Juszczyk,RB,SF@GB,2,0,0,0,0,0,0,0,0,0,0,3,30,0,0,1,0
6,Derrick Henry,RB,BAL@TEN,2,0,0,0,0,0,0,7,21,0,0,1,5,0,0,0,0
6,Royce Freeman,RB,LA@DEN,2,0,0,0,0,0,0,9,22,0,0,0,0,0,0,0,0
6,Mike Davis,RB,SEA@OAK,2,0,0,0,0,0,0,6,21,0,0,1,5,0,0,0,0
6,Nick Chubb,RB,LAC@CLE,2,0,0,0,0,0,0,3,25,0,0,0,0,0,0,0,0
6,Malcolm Brown,RB,LA@DEN,2,0,0,0,0,0,0,5,24,0,0,0,0,0,0,0,0
6,Mike Boone,RB,ARI@MIN,2,0,0,0,0,0,0,1,20,0,0,0,0,0,0,0,0
6,Devontae Booker,RB,LA@DEN,2,0,0,0,0,0,0,2,15,0,0,2,14,0,0,0,0
6,Ronald Jones II,RB,TB@ATL,1,0,0,0,0,0,0,1,3,0,0,3,16,0,0,0,0
6,Kapri Bibbs,RB,CAR@WAS,1,0,0,0,0,0,0,2,11,0,0,1,6,0,0,0,0
6,Kenjon Barner,RB,KC@NE,1,0,0,0,0,0,0,3,16,0,0,0,0,0,0,0,0
6,Javorius Allen,RB,BAL@TEN,1,0,0,0,0,0,0,1,1,0,0,3,18,0,0,0,0
6,Damien Williams,RB,KC@NE,0,0,0,0,0,0,0,1,1,0,0,0,0,0,0,0,0
6,Spencer Ware,RB,KC@NE,0,0,0,0,0,0,0,2,5,0,0,2,9,0,0,0,0
6,Mark Walton,RB,PIT@CIN,0,0,0,0,0,0,0,2,-2,0,0,0,0,0,0,0,0
6,Robert Turbin,RB,IND@NYJ,0,0,0,0,0,0,0,4,10,0,0,1,3,0,0,1,0
6,Roc Thomas,RB,ARI@MIN,0,0,0,0,0,0,0,1,-4,0,0,0,0,0,0,0,0
6,Rod Smith,RB,JAX@DAL,0,0,0,0,0,0,0,5,4,0,0,0,0,0,0,0,0
6,Anthony Sherman,RB,KC@NE,0,0,0,0,0,0,0,0,0,0,0,1,-2,0,0,0,0
6,Stevan Ridley,RB,PIT@CIN,0,0,0,0,0,0,0,1,2,0,0,0,0,0,0,0,0
6,Samaje Perine,RB,CAR@WAS,0,0,0,0,0,0,0,1,3,0,0,1,-3,0,0,0,0
6,Jamize Olawale,RB,JAX@DAL,0,0,0,0,0,0,0,0,0,0,0,1,3,0,0,0,0
6,Doug Martin,RB,SEA@OAK,0,0,0,0,0,0,0,0,0,0,0,1,8,0,0,0,0
6,Dion Lewis,RB,BAL@TEN,0,0,0,0,0,0,0,5,9,0,0,2,5,0,0,0,0
6,Justin Jackson,RB,LAC@CLE,0,0,0,0,0,0,0,3,4,0,0,1,8,0,0,0,0
6,Chris Ivory,RB,BUF@HOU,0,0,0,0,0,0,0,6,5,0,0,1,4,0,0,0,0
6,C.J. Ham,RB,ARI@MIN,0,0,0,0,0,0,0,1,1,0,0,0,0,0,0,0,0
6,Chase Edmonds,RB,ARI@MIN,0,0,0,0,0,0,0,1,4,0,0,0,0,0,0,0,0
6,James Develin,RB,KC@NE,0,0,0,0,0,0,0,0,0,0,0,2,3,0,0,0,0
6,Benny Cunningham,RB,CHI@MIA,0,0,0,0,0,0,0,3,8,0,0,0,0,0,0,0,0
6,Derrick Coleman,RB,ARI@MIN,0,0,0,0,0,0,0,1,2,0,0,0,0,0,0,0,0
6,Jamaal Charles,RB,JAX@DAL,0,0,0,0,0,0,0,5,5,0,0,1,5,0,0,0,0
7,Kareem Hunt,RB,CIN@KC,31,0,0,0,0,0,0,15,86,1,0,5,55,2,0,0,0
7,Marlon Mack,RB,BUF@IND,29,0,0,0,0,0,0,19,126,1,1,2,33,1,0,0,0
7,Todd Gurley,RB,LA@SF,26,0,0,0,0,0,0,15,63,2,0,4,23,1,0,0,0
7,James White,RB,NE@CHI,21,0,0,0,0,0,0,11,40,0,0,8,57,2,0,0,0
7,Latavius Murray,RB,MIN@NYJ,19,0,0,0,0,0,0,15,69,2,0,2,14,0,0,0,0
7,Kerryon Johnson,RB,DET@MIA,17,0,0,0,0,0,0,19,158,0,0,2,21,0,0,0,0
7,Saquon Barkley,RB,NYG@ATL,17,0,0,0,0,0,0,14,43,1,1,9,51,0,0,0,0
7,Lamar Miller,RB,HOU@JAX,16,0,0,0,0,0,0,22,100,1,0,1,-1,0,0,0,0
7,Phillip Lindsay,RB,DEN@ARI,15,0,0,0,0,0,0,14,90,1,0,1,6,0,0,0,0
7,Dion Lewis,RB,TEN@LAC,15,0,0,0,0,0,0,13,91,0,0,6,64,0,0,0,0
7,Kenyan Drake,RB,DET@MIA,14,0,0,0,0,0,0,6,72,1,0,4,15,0,0,0,0
7,Tevin Coleman,RB,NYG@ATL,14,0,0,0,0,0,0,11,50,1,0,2,32,0,0,0,0
7,Nick Chubb,RB,CLE@TB,14,0,0,0,0,0,0,18,80,1,0,0,0,0,0,0,0
7,Alvin Kamara,RB,NO@BAL,13,0,0,0,0,0,0,17,64,1,0,2,11,0,0,0,0
7,Tarik Cohen,RB,NE@CHI,13,0,0,0,0,0,0,6,14,0,0,8,69,1,0,0,0
7,T.J. Yeldon,RB,HOU@JAX,12,0,0,0,0,0,0,12,28,0,0,5,40,1,0,0,0
7,Derrick Henry,RB,TEN@LAC,12,0,0,0,0,0,0,12,33,1,0,2,32,0,0,0,0
7,LeGarrette Blount,RB,DET@MIA,11,0,0,0,0,0,0,10,50,1,0,0,0,0,0,0,0
7,Kapri Bibbs,RB,DAL@WAS,11,0,0,0,0,0,0,2,13,0,0,4,43,1,0,0,0
7,Chris Ivory,RB,BUF@IND,10,0,0,0,0,0,0,16,81,0,0,3,25,0,0,0,0
7,Adrian Peterson,RB,DAL@WAS,9,0,0,0,0,0,0,24,99,0,0,1,8,0,0,0,0
7,Jordan Howard,RB,NE@CHI,9,0,0,0,0,0,0,12,39,1,0,1,9,0,0,0,0
7,Royce Freeman,RB,DEN@ARI,9,0,0,0,0,0,0,13,37,1,0,0,0,0,0,0,0
7,Spencer Ware,RB,CIN@KC,8,0,0,0,0,0,0,8,59,0,0,3,30,0,0,0,0
7,Ronald Jones II,RB,CLE@TB,8,0,0,0,0,0,0,6,13,1,0,1,15,0,0,0,0
7,Christian McCaffrey,RB,CAR@PHI,7,0,0,0,0,0,0,7,29,0,0,6,51,0,0,0,0
7,Marcus Murphy,RB,BUF@IND,6,0,0,0,0,0,0,4,53,0,0,5,17,0,0,0,0
7,Raheem Mostert,RB,LA@SF,6,0,0,0,0,0,0,7,59,0,0,4,19,0,0,0,0
7,David Johnson,RB,DEN@ARI,6,0,0,0,0,0,0,14,39,0,0,3,31,0,0,0,0
7,Austin Ekeler,RB,TEN@LAC,6,0,0,0,0,0,0,12,42,0,0,5,26,0,0,0,0
7,Trenton Cannon,RB,MIN@NYJ,6,0,0,0,0,0,0,2,4,0,0,4,69,0,0,0,0
7,Malcolm Brown,RB,LA@SF,6,0,0,0,0,0,0,13,65,0,0,1,6,0,0,0,0
7,Joe Mixon,RB,CIN@KC,5,0,0,0,0,0,0,13,50,0,0,3,1,0,0,0,0
7,Jordan Wilkins,RB,BUF@IND,4,0,0,0,0,0,0,6,46,0,0,1,8,0,0,0,0
7,Mark Ingram,RB,NO@BAL,4,0,0,0,0,0,0,12,32,0,0,2,10,0,0,0,0
7,Nyheim Hines,RB,BUF@IND,4,0,0,0,0,0,0,5,47,0,0,1,-5,0,0,0,0
7,Isaiah Crowell,RB,MIN@NYJ,4,0,0,0,0,0,0,11,29,0,0,1,21,0,0,0,0
7,Alex Collins,RB,NO@BAL,4,0,0,0,0,0,0,11,38,0,0,3,10,0,0,0,0
7,Ito Smith,RB,NYG@ATL,3,0,0,0,0,0,0,7,16,0,0,2,29,0,0,0,0
7,Wendell Smallwood,RB,CAR@PHI,3,0,0,0,0,0,0,9,32,0,0,2,5,0,0,0,0
7,Ezekiel Elliott,RB,DAL@WAS,3,0,0,0,0,0,0,15,33,0,0,2,9,0,0,0,0
7,Kenjon Barner,RB,NE@CHI,3,0,0,0,0,0,0,10,36,0,0,0,0,0,0,0,0
7,Peyton Barber,RB,CLE@TB,3,0,0,0,0,0,0,11,30,0,0,0,0,0,0,0,0
7,Roc Thomas,RB,MIN@NYJ,2,0,0,0,0,0,0,1,23,0,0,0,0,0,0,0,0
7,Bilal Powell,RB,MIN@NYJ,2,0,0,0,0,0,0,5,20,0,0,1,5,0,0,0,0
7,Alfred Morris,RB,LA@SF,2,0,0,0,0,0,0,9,25,0,0,0,0,0,0,0,0
7,Sony Michel,RB,NE@CHI,2,0,0,0,0,0,0,4,22,0,0,1,13,0,0,1,0
7,Duke Johnson,RB,CLE@TB,2,0,0,0,0,0,0,1,-4,0,0,4,23,0,0,0,0
7,Frank Gore,RB,DET@MIA,2,0,0,0,0,0,0,10,29,0,0,1,4,0,0,0,0
7,Alfred Blue,RB,HOU@JAX,2,0,0,0,0,0,0,8,28,0,0,0,0,0,0,0,0
7,Javorius Allen,RB,NO@BAL,2,0,0,0,0,0,0,3,3,0,0,3,21,0,0,0,0
7,Mark Walton,RB,CIN@KC,1,0,0,0,0,0,0,4,10,0,0,0,0,0,0,0,0
7,Jacquizz Rodgers,RB,CLE@TB,1,0,0,0,0,0,0,3,8,0,0,1,11,0,0,0,0
7,Kyle Juszczyk,RB,LA@SF,1,0,0,0,0,0,0,1,-5,0,0,2,18,0,0,0,0
7,Justin Jackson,RB,TEN@LAC,1,0,0,0,0,0,0,2,3,0,0,1,11,0,0,0,0
7,Tyler Ervin,RB,HOU@JAX,1,0,0,0,0,0,0,0,0,0,0,1,19,0,0,0,0
7,Chase Edmonds,RB,DEN@ARI,1,0,0,0,0,0,0,5,9,0,0,3,12,0,0,0,0
7,Corey Clement,RB,CAR@PHI,1,0,0,0,0,0,0,8,6,0,0,2,16,0,0,0,0
7,Josh Adams,RB,CAR@PHI,1,0,0,0,0,0,0,4,17,0,0,0,0,0,0,0,0
7,Ameer Abdullah,RB,DET@MIA,1,0,0,0,0,0,0,1,1,0,0,1,12,0,0,0,0
7,David Williams,RB,HOU@JAX,0,0,0,0,0,0,0,1,2,0,0,0,0,0,0,0,0
7,Samaje Perine,RB,DAL@WAS,0,0,0,0,0,0,0,2,2,0,0,0,0,0,0,0,0
7,Elijhaa Penny,RB,NYG@ATL,0,0,0,0,0,0,0,1,2,0,0,0,0,0,0,0,0
7,Ricky Ortiz,RB,NYG@ATL,0,0,0,0,0,0,0,0,0,0,0,2,7,0,0,0,0
7,LeSean McCoy,RB,BUF@IND,0,0,0,0,0,0,0,2,1,0,0,0,0,0,0,0,0
7,David Fluellen,RB,TEN@LAC,0,0,0,0,0,0,0,1,2,0,0,0,0,0,0,0,0
7,Gus Edwards,RB,NO@BAL,0,0,0,0,0,0,0,2,0,0,0,0,0,0,0,0,0
7,Jamaal Charles,RB,HOU@JAX,0,0,0,0,0,0,0,1,2,0,0,1,2,0,0,0,0
7,Matt Breida,RB,LA@SF,0,0,0,0,0,0,0,5,15,0,0,0,0,0,0,1,0
7,Mike Boone,RB,MIN@NYJ,0,0,0,0,0,0,0,4,4,0,0,0,0,0,0,0,0
7,Devontae Booker,RB,DEN@ARI,0,0,0,0,0,0,0,0,0,0,0,1,-1,0,0,0,0
7,Tommy Bohanon,RB,HOU@JAX,0,0,0,0,0,0,0,0,0,0,0,1,5,0,0,0,0
8,James Conner,RB,CLE@PIT,32,0,0,0,0,0,0,24,146,2,0,5,66,0,0,0,0
8,Todd Gurley,RB,GB@LA,27,0,0,0,0,0,0,25,114,0,0,6,81,1,1,0,0
8,Marlon Mack,RB,IND@OAK,26,0,0,0,0,0,0,25,132,2,0,2,17,0,0,0,0
8,Adrian Peterson,RB,WAS@NYG,25,0,0,0,0,0,0,26,149,1,0,1,7,1,0,1,0
8,Joe Mixon,RB,TB@CIN,25,0,0,0,0,0,0,21,123,2,0,3,15,0,0,0,0
8,Kenyan Drake,RB,MIA@HOU,20,0,0,0,0,0,0,12,58,1,0,2,37,1,0,0,0
8,Lamar Miller,RB,MIA@HOU,19,0,0,0,0,0,0,18,133,1,0,0,0,0,0,0,0
8,Alvin Kamara,RB,NO@MIN,19,0,0,0,0,0,0,13,45,1,0,7,31,1,0,0,0
8,Christian McCaffrey,RB,BAL@CAR,17,0,0,0,0,0,0,14,45,1,0,4,11,1,0,0,0
8,Tarik Cohen,RB,NYJ@CHI,17,0,0,0,0,0,0,5,40,0,0,1,70,1,0,0,0
8,Chris Carson,RB,SEA@DET,17,0,0,0,0,0,0,25,105,1,0,2,19,0,0,0,0
8,Phillip Lindsay,RB,DEN@KC,16,0,0,0,0,0,0,18,95,1,0,3,17,0,0,0,0
8,James White,RB,NE@BUF,14,0,0,0,0,0,0,8,15,1,0,10,79,0,0,0,0
8,Latavius Murray,RB,NO@MIN,14,0,0,0,0,0,0,13,56,1,0,5,39,0,0,0,0
8,Aaron Jones,RB,GB@LA,14,0,0,0,0,0,0,12,86,1,0,2,0,0,0,0,0
8,Kareem Hunt,RB,DEN@KC,14,0,0,0,0,0,0,16,50,0,0,5,36,1,0,0,0
8,Jordan Howard,RB,NYJ@CHI,14,0,0,0,0,0,0,22,81,1,0,0,0,0,0,0,0
8,Peyton Barber,RB,TB@CIN,14,0,0,0,0,0,0,19,85,1,0,0,0,0,0,0,0
8,Wendell Smallwood,RB,PHI@JAX,12,0,0,0,0,0,0,8,24,0,0,2,42,1,0,0,0
8,Alex Collins,RB,BAL@CAR,10,0,0,0,0,0,0,11,49,1,0,2,14,0,0,1,0
8,Saquon Barkley,RB,WAS@NYG,10,0,0,0,0,0,0,13,38,0,0,9,73,0,0,0,0
8,LeSean McCoy,RB,NE@BUF,9,0,0,0,0,0,0,12,13,0,0,6,82,0,0,0,0
8,David Johnson,RB,SF@ARI,9,0,0,0,0,0,0,16,59,0,0,4,41,0,0,0,0
8,Devontae Booker,RB,DEN@KC,9,0,0,0,0,0,0,9,78,0,0,4,23,0,0,0,0
8,T.J. Yeldon,RB,PHI@JAX,8,0,0,0,0,0,0,2,7,0,0,7,83,0,0,0,0
8,Kerryon Johnson,RB,SEA@DET,8,0,0,0,0,0,0,8,22,0,0,6,69,0,0,0,0
8,Mark Ingram,RB,NO@MIN,8,0,0,0,0,0,0,13,63,0,0,3,29,0,0,0,0
8,Doug Martin,RB,IND@OAK,7,0,0,0,0,0,0,13,72,0,0,2,17,0,0,1,0
8,Nyheim Hines,RB,IND@OAK,7,0,0,0,0,0,0,11,78,0,0,2,7,0,0,0,0
8,Nick Chubb,RB,CLE@PIT,7,0,0,0,0,0,0,18,65,0,0,2,10,0,0,0,0
8,Javorius Allen,RB,BAL@CAR,7,0,0,0,0,0,0,0,0,0,0,3,18,1,0,0,0
8,Jamaal Williams,RB,GB@LA,6,0,0,0,0,0,0,4,9,1,0,0,0,0,0,0,0
8,Jalen Richard,RB,IND@OAK,6,0,0,0,0,0,0,2,14,0,0,8,50,0,0,0,0
8,Josh Adams,RB,PHI@JAX,6,0,0,0,0,0,0,9,61,0,0,1,6,0,0,0,0
8,Frank Gore,RB,MIA@HOU,5,0,0,0,0,0,0,12,53,0,0,1,5,0,0,0,0
8,Chris Ivory,RB,NE@BUF,4,0,0,0,0,0,0,6,34,0,0,1,11,0,0,0,0
8,Matt Breida,RB,SF@ARI,4,0,0,0,0,0,0,16,42,0,0,0,0,0,0,0,0
8,Alfred Blue,RB,MIA@HOU,4,0,0,0,0,0,0,15,42,0,0,0,0,0,0,0,0
8,Mike Davis,RB,SEA@DET,3,0,0,0,0,0,0,10,33,0,0,1,2,0,0,0,0
8,Isaiah Crowell,RB,NYJ@CHI,3,0,0,0,0,0,0,13,25,0,0,1,13,0,0,0,0
8,Jacquizz Rodgers,RB,TB@CIN,2,0,0,0,0,0,0,1,4,0,0,4,25,0,0,0,0
8,Alfred Morris,RB,SF@ARI,2,0,0,0,0,0,0,6,28,0,0,0,0,0,0,0,0
8,Dontrell Hilliard,RB,CLE@PIT,2,0,0,0,0,0,0,0,0,0,0,1,24,0,0,0,0
8,Trenton Cannon,RB,NYJ@CHI,2,0,0,0,0,0,0,6,10,0,0,3,12,0,0,0,0
8,LeGarrette Blount,RB,SEA@DET,2,0,0,0,0,0,0,3,3,0,0,1,23,0,0,0,0
8,C.J. Anderson,RB,BAL@CAR,2,0,0,0,0,0,0,5,20,0,0,0,0,0,0,0,0
8,Jordan Wilkins,RB,IND@OAK,1,0,0,0,0,0,0,2,14,0,0,0,0,0,0,0,0
8,Mark Walton,RB,TB@CIN,1,0,0,0,0,0,0,2,7,0,0,1,10,0,0,0,0
8,Chris Thompson,RB,WAS@NYG,1,0,0,0,0,0,0,3,13,0,0,2,9,0,0,0,0
8,Roc Thomas,RB,NO@MIN,1,0,0,0,0,0,0,1,-1,0,0,1,15,0,0,0,0
8,Anthony Sherman,RB,DEN@KC,1,0,0,0,0,0,0,0,0,0,0,1,10,0,0,0,0
8,Jaylen Samuels,RB,CLE@PIT,1,0,0,0,0,0,0,4,17,0,0,0,0,0,0,0,0
8,Raheem Mostert,RB,SF@ARI,1,0,0,0,0,0,0,2,18,0,0,0,0,0,0,0,0
8,Kyle Juszczyk,RB,SF@ARI,1,0,0,0,0,0,0,2,10,0,0,0,0,0,0,0,0
8,Duke Johnson,RB,CLE@PIT,1,0,0,0,0,0,0,2,0,0,0,2,16,0,0,0,0
8,Carlos Hyde,RB,PHI@JAX,1,0,0,0,0,0,0,6,11,0,0,0,0,0,0,0,0
8,Gus Edwards,RB,BAL@CAR,1,0,0,0,0,0,0,2,12,0,0,1,7,0,0,0,0
8,Chase Edmonds,RB,SF@ARI,1,0,0,0,0,0,0,2,9,0,0,1,12,0,0,0,0
8,Mike Boone,RB,NO@MIN,1,0,0,0,0,0,0,3,11,0,0,0,0,0,0,0,0
8,DeAndre Washington,RB,IND@OAK,0,0,0,0,0,0,0,1,4,0,0,0,0,0,0,0,0
8,Stevan Ridley,RB,CLE@PIT,0,0,0,0,0,0,0,0,0,0,0,2,13,0,0,1,0
8,Tre Madden,RB,SEA@DET,0,0,0,0,0,0,0,2,1,0,0,0,0,0,0,0,0
8,Ronald Jones II,RB,TB@CIN,0,0,0,0,0,0,0,2,-3,0,0,1,4,0,0,0,0
8,C.J. Ham,RB,NO@MIN,0,0,0,0,0,0,0,2,1,0,0,0,0,0,0,0,0
8,Wayne Gallman,RB,WAS@NYG,0,0,0,0,0,0,0,1,-1,0,0,0,0,0,0,0,0
8,Tyler Ervin,RB,MIA@HOU,0,0,0,0,0,0,0,0,0,0,0,1,4,0,0,0,0
8,Patrick DiMarco,RB,NE@BUF,0,0,0,0,0,0,0,0,0,0,0,1,0,0,0,0,0
8,James Develin,RB,NE@BUF,0,0,0,0,0,0,0,0,0,0,0,1,7,0,0,0,0
8,Corey Clement,RB,PHI@JAX,0,0,0,0,0,0,0,4,6,0,0,1,-1,0,0,0,0
8,Malcolm Brown,RB,GB@LA,0,0,0,0,0,0,0,1,7,0,0,0,0,0,0,0,0
8,Kenjon Barner,RB,NE@BUF,0,0,0,0,0,0,0,2,4,0,0,0,0,0,0,0,0
8,Kalen Ballage,RB,MIA@HOU,0,0,0,0,0,0,0,1,5,0,0,0,0,0,0,0,0
8,Ty Montgomery,RB,GB@LA,-1,0,0,0,0,0,0,2,6,0,0,1,2,0,0,1,0
8,Ameer Abdullah,RB,SEA@DET,-1,0,0,0,0,0,0,0,0,0,0,1,6,0,0,1,0
9,Kareem Hunt,RB,KC@CLE,32,0,0,0,0,0,0,17,91,2,0,1,50,1,0,0,0
9,Alvin Kamara,RB,LA@NO,29,0,0,0,0,0,0,19,82,2,0,4,34,1,0,0,0
9,Christian McCaffrey,RB,TB@CAR,26,0,0,0,0,0,0,17,79,2,0,5,78,0,0,0,0
9,Tevin Coleman,RB,ATL@WAS,26,0,0,0,0,0,0,13,88,0,0,5,68,2,0,0,0
9,James White,RB,GB@NE,22,0,0,0,0,0,0,12,31,2,0,6,72,0,0,0,0
9,James Conner,RB,PIT@BAL,21,0,0,0,0,0,0,24,107,0,0,7,56,1,0,0,0
9,Duke Johnson,RB,KC@CLE,19,0,0,0,0,0,0,1,8,0,0,9,78,2,0,0,0
9,Dion Lewis,RB,TEN@DAL,18,0,0,0,0,0,0,19,62,0,0,4,60,1,0,0,0
9,Melvin Gordon,RB,LAC@SEA,18,0,0,0,0,0,0,16,113,1,0,1,10,0,0,0,0
9,Jordan Howard,RB,CHI@BUF,16,0,0,0,0,0,0,14,47,2,0,0,0,0,0,0,0
9,Raheem Mostert,RB,OAK@SF,14,0,0,0,0,0,0,7,86,1,0,0,0,0,0,0,0
9,Nick Chubb,RB,KC@CLE,14,0,0,0,0,0,0,22,85,1,0,1,5,0,0,0,0
9,Todd Gurley,RB,LA@NO,13,0,0,0,0,0,0,13,68,1,0,6,11,0,0,0,0
9,Ito Smith,RB,ATL@WAS,12,0,0,0,0,0,0,10,60,1,0,1,4,0,0,0,0
9,Ezekiel Elliott,RB,TEN@DAL,11,0,0,0,0,0,0,17,61,0,0,4,51,0,0,0,0
9,Latavius Murray,RB,DET@MIN,10,0,0,0,0,0,0,10,31,1,0,1,16,0,0,0,0
9,Mike Davis,RB,LAC@SEA,10,0,0,0,0,0,0,15,62,0,0,7,45,0,0,0,0
9,Dalvin Cook,RB,DET@MIN,10,0,0,0,0,0,0,10,89,0,0,4,20,0,0,0,0
9,Alex Collins,RB,PIT@BAL,9,0,0,0,0,0,0,9,35,1,0,1,4,0,0,0,0
9,Kapri Bibbs,RB,ATL@WAS,9,0,0,0,0,0,0,3,20,1,0,1,15,0,0,0,0
9,Phillip Lindsay,RB,HOU@DEN,8,0,0,0,0,0,0,17,60,0,0,2,24,0,0,0,0
9,Derrick Henry,RB,TEN@DAL,8,0,0,0,0,0,0,6,27,1,0,2,5,0,0,0,0
9,Spencer Ware,RB,KC@CLE,7,0,0,0,0,0,0,2,12,0,0,4,69,0,0,0,0
9,Aaron Jones,RB,GB@NE,7,0,0,0,0,0,0,14,75,0,0,2,10,0,0,1,0
9,Malcolm Brown,RB,LA@NO,7,0,0,0,0,0,0,0,0,0,0,1,18,1,0,0,0
9,Elijah McGuire,RB,NYJ@MIA,6,0,0,0,0,0,0,7,30,0,0,3,37,0,0,0,0
9,Doug Martin,RB,OAK@SF,6,0,0,0,0,0,0,11,49,0,0,1,20,0,0,0,0
9,Devontae Booker,RB,HOU@DEN,6,0,0,0,0,0,0,3,15,1,0,2,9,0,0,1,0
9,Jamaal Williams,RB,GB@NE,5,0,0,0,0,0,0,7,34,0,0,2,20,0,0,0,0
9,Frank Gore,RB,NYJ@MIA,5,0,0,0,0,0,0,20,53,0,0,1,6,0,0,0,0
9,Isaiah Crowell,RB,NYJ@MIA,5,0,0,0,0,0,0,13,49,0,0,1,11,0,0,0,0
9,Jalen Richard,RB,OAK@SF,4,0,0,0,0,0,0,2,4,0,0,4,45,0,0,0,0
9,Lamar Miller,RB,HOU@DEN,4,0,0,0,0,0,0,12,21,0,0,2,27,0,0,0,0
9,Chris Ivory,RB,CHI@BUF,4,0,0,0,0,0,0,7,36,0,0,3,19,0,0,0,0
9,Chris Carson,RB,LAC@SEA,4,0,0,0,0,0,0,8,40,0,0,0,0,0,0,0,0
9,Matt Breida,RB,OAK@SF,4,0,0,0,0,0,0,12,44,0,0,1,3,0,0,0,0
9,Theo Riddick,RB,DET@MIN,3,0,0,0,0,0,0,0,0,0,0,7,36,0,0,0,0
9,Kerryon Johnson,RB,DET@MIN,3,0,0,0,0,0,0,12,37,0,0,3,7,0,0,0,0
9,Austin Ekeler,RB,LAC@SEA,3,0,0,0,0,0,0,3,21,0,0,1,13,0,0,0,0
9,Alfred Blue,RB,HOU@DEN,3,0,0,0,0,0,0,15,39,0,0,0,0,0,0,0,0
9,Peyton Barber,RB,TB@CAR,3,0,0,0,0,0,0,11,31,0,0,2,9,0,0,0,0
9,DeAndre Washington,RB,OAK@SF,2,0,0,0,0,0,0,5,27,0,0,0,0,0,0,0,0
9,Adrian Peterson,RB,ATL@WAS,2,0,0,0,0,0,0,9,17,0,0,3,16,0,0,0,0
9,Samaje Perine,RB,ATL@WAS,2,0,0,0,0,0,0,2,20,0,0,2,8,0,0,0,0
9,Rashaad Penny,RB,LAC@SEA,2,0,0,0,0,0,0,4,11,0,0,3,13,0,0,0,0
9,LeSean McCoy,RB,CHI@BUF,2,0,0,0,0,0,0,10,10,0,0,4,19,0,0,0,0
9,Mark Ingram,RB,LA@NO,2,0,0,0,0,0,0,9,33,0,0,1,3,0,0,1,0
9,Kenyan Drake,RB,NYJ@MIA,2,0,0,0,0,0,0,3,9,0,0,4,26,0,0,0,0
9,Jacquizz Rodgers,RB,TB@CAR,1,0,0,0,0,0,0,2,14,0,0,2,-4,0,0,0,0
9,Alfred Morris,RB,OAK@SF,1,0,0,0,0,0,0,7,13,0,0,0,0,0,0,0,0
9,Kyle Juszczyk,RB,OAK@SF,1,0,0,0,0,0,0,1,1,0,0,2,10,0,0,0,0
9,Gus Edwards,RB,PIT@BAL,1,0,0,0,0,0,0,1,10,0,0,0,0,0,0,0,0
9,Trenton Cannon,RB,NYJ@MIA,1,0,0,0,0,0,0,0,0,0,0,1,15,0,0,0,0
9,Kalen Ballage,RB,NYJ@MIA,1,0,0,0,0,0,0,1,-2,0,0,2,17,0,0,0,0
9,Shaun Wilson,RB,TB@CAR,0,0,0,0,0,0,0,2,7,0,0,0,0,0,0,0,0
9,Rod Smith,RB,TEN@DAL,0,0,0,0,0,0,0,0,0,0,0,1,8,0,0,0,0
9,Jaylen Samuels,RB,PIT@BAL,0,0,0,0,0,0,0,1,2,0,0,0,0,0,0,0,0
9,Marcus Murphy,RB,CHI@BUF,0,0,0,0,0,0,0,1,6,0,0,3,-7,0,0,0,0
9,Taquan Mizzell,RB,CHI@BUF,0,0,0,0,0,0,0,0,0,0,0,1,5,0,0,0,0
9,Zach Line,RB,LA@NO,0,0,0,0,0,0,0,0,0,0,0,1,3,0,0,0,0
9,Andy Janovich,RB,HOU@DEN,0,0,0,0,0,0,0,0,0,0,0,1,9,0,0,0,0
9,James Develin,RB,GB@NE,0,0,0,0,0,0,0,0,0,0,0,1,0,0,0,0,0
9,Tarik Cohen,RB,CHI@BUF,0,0,0,0,0,0,0,6,5,0,0,1,8,0,0,0,0
9,LeGarrette Blount,RB,DET@MIN,0,0,0,0,0,0,0,5,8,0,0,1,2,0,0,0,0
9,Kenjon Barner,RB,GB@NE,0,0,0,0,0,0,0,1,4,0,0,0,0,0,0,0,0
9,C.J. Anderson,RB,TB@CAR,0,0,0,0,0,0,0,1,1,0,0,0,0,0,0,0,0
9,Javorius Allen,RB,PIT@BAL,0,0,0,0,0,0,0,1,6,0,0,5,8,0,0,0,0
10,Nick Chubb,RB,ATL@CLE,32,0,0,0,0,0,0,20,176,1,0,3,33,1,0,0,0
10,Christian McCaffrey,RB,CAR@PIT,31,0,0,0,0,0,0,14,77,1,0,5,61,2,0,0,0
10,Ezekiel Elliott,RB,DAL@PHI,30,0,0,0,0,0,0,19,151,1,0,6,36,1,0,0,0
10,David Johnson,RB,ARI@KC,29,0,0,0,0,0,0,21,98,1,0,7,85,1,0,0,0
10,Aaron Jones,RB,MIA@GB,28,0,0,0,0,0,0,15,145,2,0,3,27,0,0,0,0
10,Matt Breida,RB,NYG@SF,25,0,0,0,0,0,0,17,101,1,0,3,31,1,0,0,0
10,LeSean McCoy,RB,BUF@NYJ,23,0,0,0,0,0,0,26,113,2,0,1,5,0,0,0,0
10,Todd Gurley,RB,SEA@LA,22,0,0,0,0,0,0,16,120,1,0,3,40,0,0,0,0
10,Melvin Gordon,RB,LAC@OAK,22,0,0,0,0,0,0,18,93,0,0,5,72,1,0,0,0
10,Leonard Fournette,RB,JAX@IND,22,0,0,0,0,0,0,24,53,1,0,5,56,1,0,0,0
10,Alvin Kamara,RB,NO@CIN,21,0,0,0,0,0,0,12,56,2,0,4,46,0,0,0,0
10,Mark Ingram,RB,NO@CIN,21,0,0,0,0,0,0,13,104,0,0,3,58,1,0,0,0
10,Kerryon Johnson,RB,DET@CHI,19,0,0,0,0,0,0,14,51,1,0,6,38,1,0,1,0
10,Derrick Henry,RB,NE@TEN,17,0,0,0,0,0,0,11,58,2,0,0,0,0,0,0,0
10,Rashaad Penny,RB,SEA@LA,16,0,0,0,0,0,0,12,108,1,0,0,0,0,0,0,0
10,Mike Davis,RB,SEA@LA,13,0,0,0,0,0,0,11,58,0,0,4,22,1,0,0,0
10,James Conner,RB,CAR@PIT,12,0,0,0,0,0,0,13,65,1,0,1,8,0,0,0,0
10,Duke Johnson,RB,ATL@CLE,10,0,0,0,0,0,0,3,15,0,0,4,31,1,0,0,0
10,Frank Gore,RB,MIA@GB,10,0,0,0,0,0,0,13,90,0,0,2,12,0,0,0,0
10,Jacquizz Rodgers,RB,WAS@TB,9,0,0,0,0,0,0,1,0,0,0,8,102,0,0,1,0
10,Doug Martin,RB,LAC@OAK,9,0,0,0,0,0,0,15,61,0,0,3,31,0,0,0,0
10,Kareem Hunt,RB,ARI@KC,9,0,0,0,0,0,0,16,71,0,0,2,25,0,0,0,0
10,Tarik Cohen,RB,DET@CHI,9,0,0,0,0,0,0,7,15,1,0,6,29,0,0,0,0
10,Saquon Barkley,RB,NYG@SF,9,0,0,0,0,0,0,20,67,0,0,4,33,0,0,0,0
10,Jaylen Samuels,RB,CAR@PIT,8,0,0,0,0,0,0,5,7,0,0,3,22,1,0,0,0
10,Joe Mixon,RB,NO@CIN,8,0,0,0,0,0,0,11,61,0,0,2,24,0,0,0,0
10,Isaiah Crowell,RB,BUF@NYJ,8,0,0,0,0,0,0,7,19,1,0,2,18,0,0,0,0
10,T.J. Yeldon,RB,JAX@IND,6,0,0,0,0,0,0,3,12,0,0,5,51,0,0,0,0
10,Spencer Ware,RB,ARI@KC,6,0,0,0,0,0,0,2,6,1,0,1,7,0,0,0,0
10,Theo Riddick,RB,DET@CHI,6,0,0,0,0,0,0,0,0,0,0,6,60,0,0,0,0
10,Adrian Peterson,RB,WAS@TB,6,0,0,0,0,0,0,19,68,0,0,2,1,0,0,0,0
10,Marcus Murphy,RB,BUF@NYJ,6,0,0,0,0,0,0,14,69,0,0,0,0,0,0,0,0
10,Dion Lewis,RB,NE@TEN,6,0,0,0,0,0,0,20,57,0,0,2,11,0,0,0,0
10,James Develin,RB,NE@TEN,6,0,0,0,0,0,0,1,1,1,0,0,0,0,0,0,0
10,Peyton Barber,RB,WAS@TB,6,0,0,0,0,0,0,13,61,0,0,1,5,0,0,0,0
10,Jordan Wilkins,RB,JAX@IND,5,0,0,0,0,0,0,1,53,0,0,0,0,0,0,0,0
10,Jalen Richard,RB,LAC@OAK,5,0,0,0,0,0,0,3,7,0,0,5,52,0,0,0,0
10,Elijah McGuire,RB,BUF@NYJ,5,0,0,0,0,0,0,6,30,0,0,3,27,0,0,0,0
10,Tevin Coleman,RB,ATL@CLE,5,0,0,0,0,0,0,11,44,0,0,3,19,0,0,0,0
10,Dwayne Washington,RB,NO@CIN,4,0,0,0,0,0,0,11,47,0,0,0,0,0,0,0,0
10,Marlon Mack,RB,JAX@IND,4,0,0,0,0,0,0,12,29,0,1,2,9,0,0,0,0
10,Josh Adams,RB,DAL@PHI,4,0,0,0,0,0,0,7,47,0,0,0,0,0,0,0,0
10,James White,RB,NE@TEN,3,0,0,0,0,0,0,1,-5,0,0,5,31,0,0,0,0
10,Wendell Smallwood,RB,DAL@PHI,3,0,0,0,0,0,0,2,4,0,0,3,30,0,0,0,0
10,Sony Michel,RB,NE@TEN,3,0,0,0,0,0,0,11,31,0,0,0,0,0,0,0,0
10,Jordan Howard,RB,DET@CHI,3,0,0,0,0,0,0,11,21,0,0,1,11,0,0,0,0
10,Kenyan Drake,RB,MIA@GB,3,0,0,0,0,0,0,8,27,0,0,2,11,0,0,0,0
10,Trenton Cannon,RB,BUF@NYJ,3,0,0,0,0,0,0,4,30,0,0,1,5,0,0,0,0
10,Kapri Bibbs,RB,WAS@TB,3,0,0,0,0,0,0,3,28,0,0,2,13,0,0,0,0
10,Giovani Bernard,RB,NO@CIN,3,0,0,0,0,0,0,2,6,0,0,2,30,0,0,0,0
10,Ito Smith,RB,ATL@CLE,2,0,0,0,0,0,0,4,11,0,0,4,15,0,0,0,0
10,Stevan Ridley,RB,CAR@PIT,2,0,0,0,0,0,0,8,26,0,0,0,0,0,0,0,0
10,Zach Zenner,RB,DET@CHI,1,0,0,0,0,0,0,1,12,0,0,0,0,0,0,0,0
10,Rod Smith,RB,DAL@PHI,1,0,0,0,0,0,0,2,8,0,0,1,14,0,0,0,0
10,Elijhaa Penny,RB,NYG@SF,1,0,0,0,0,0,0,0,0,0,0,2,12,0,0,0,0
10,Roosevelt Nix,RB,CAR@PIT,1,0,0,0,0,0,0,0,0,0,0,2,17,0,0,0,0
10,Alfred Morris,RB,NYG@SF,1,0,0,0,0,0,0,9,19,0,0,0,0,0,0,0,0
10,T.J. Logan,RB,ARI@KC,1,0,0,0,0,0,0,0,0,0,0,2,14,0,0,0,0
10,Zach Line,RB,NO@CIN,1,0,0,0,0,0,0,2,13,0,0,0,0,0,0,0,0
10,Kyle Juszczyk,RB,NYG@SF,1,0,0,0,0,0,0,1,3,0,0,2,10,0,0,0,0
10,Nyheim Hines,RB,JAX@IND,1,0,0,0,0,0,0,3,3,0,0,3,19,0,0,0,0
10,David Fluellen,RB,NE@TEN,1,0,0,0,0,0,0,3,14,0,0,0,0,0,0,0,0
10,Austin Ekeler,RB,LAC@OAK,1,0,0,0,0,0,0,3,19,0,0,0,0,0,0,0,0
10,Corey Clement,RB,DAL@PHI,1,0,0,0,0,0,0,5,13,0,0,1,-5,0,0,0,0
10,Malcolm Brown,RB,SEA@LA,1,0,0,0,0,0,0,0,0,0,0,1,10,0,0,0,0
10,Shaun Wilson,RB,WAS@TB,0,0,0,0,0,0,0,2,7,0,0,1,-4,0,0,0,0
10,Jamaal Williams,RB,MIA@GB,0,0,0,0,0,0,0,3,3,0,0,0,0,0,0,0,0
10,Derek Watt,RB,LAC@OAK,0,0,0,0,0,0,0,2,2,0,0,0,0,0,0,0,0
10,Anthony Sherman,RB,ARI@KC,0,0,0,0,0,0,0,0,0,0,0,1,2,0,0,0,0
10,C.J. Prosise,RB,SEA@LA,0,0,0,0,0,0,0,1,-3,0,0,0,0,0,0,0,0
10,Taquan Mizzell,RB,DET@CHI,0,0,0,0,0,0,0,1,0,0,0,0,0,0,0,0,0
10,Carlos Hyde,RB,JAX@IND,0,0,0,0,0,0,0,3,5,0,0,0,0,0,0,0,0
10,Wayne Gallman,RB,NYG@SF,0,0,0,0,0,0,0,2,3,0,0,0,0,0,0,0,0
10,Chase Edmonds,RB,ARI@KC,0,0,0,0,0,0,0,2,7,0,0,0,0,0,0,0,0
10,Tommy Bohanon,RB,JAX@IND,0,0,0,0,0,0,0,0,0,0,0,1,5,0,0,0,0
10,LeGarrette Blount,RB,DET@CHI,0,0,0,0,0,0,0,6,4,0,0,0,0,0,0,0,0
10,Kalen Ballage,RB,MIA@GB,0,0,0,0,0,0,0,0,0,0,0,1,6,0,0,0,0
10,C.J. Anderson,RB,CAR@PIT,0,0,0,0,0,0,0,2,-1,0,0,0,0,0,0,0,0
10,Dontrell Hilliard,RB,ATL@CLE,-2,1,0,0,0,1,0,0,0,0,0,1,6,0,0,0,0
11,Saquon Barkley,RB,TB@NYG,33,0,0,0,0,0,0,27,142,2,0,2,10,1,0,0,0
11,Ezekiel Elliott,RB,DAL@ATL,25,0,0,0,0,0,0,23,122,1,0,7,79,0,0,0,0
11,Aaron Jones,RB,GB@SEA,22,0,0,0,0,0,0,11,40,1,0,5,63,1,0,0,0
11,Mark Ingram,RB,PHI@NO,22,0,0,0,0,0,0,16,103,2,0,0,0,0,0,0,0
11,Phillip Lindsay,RB,DEN@LAC,21,0,0,0,0,0,0,11,79,2,0,4,27,0,0,0,0
11,Leonard Fournette,RB,PIT@JAX,19,0,0,0,0,0,0,28,95,1,0,2,46,0,0,0,0
11,Gus Edwards,RB,CIN@BAL,19,0,0,0,0,0,0,17,115,1,1,0,0,0,0,0,0
11,Adrian Peterson,RB,HOU@WAS,17,0,0,0,0,0,0,16,51,2,0,0,0,0,0,0,0
11,Kareem Hunt,RB,KC@LA,17,0,0,0,0,0,0,14,70,0,0,3,41,1,0,0,0
11,Alvin Kamara,RB,PHI@NO,16,0,0,0,0,0,0,13,71,0,0,1,37,1,0,0,0
11,Peyton Barber,RB,TB@NYG,16,0,0,0,0,0,0,18,106,1,0,2,4,0,0,0,0
11,Kerryon Johnson,RB,CAR@DET,15,0,0,0,0,0,0,15,87,1,0,2,10,0,0,0,0
11,David Johnson,RB,OAK@ARI,14,0,0,0,0,0,0,25,137,0,0,1,17,0,0,0,0
11,Melvin Gordon,RB,DEN@LAC,14,0,0,0,0,0,0,18,69,0,0,6,87,0,0,0,0
11,Chris Carson,RB,GB@SEA,13,0,0,0,0,0,0,17,83,1,0,0,0,0,0,1,0
11,Marlon Mack,RB,TEN@IND,12,0,0,0,0,0,0,16,61,1,0,1,8,0,0,0,0
11,Josh Adams,RB,PHI@NO,12,0,0,0,0,0,0,7,53,1,0,3,19,0,0,0,0
11,Joe Mixon,RB,CIN@BAL,10,0,0,0,0,0,0,12,14,1,0,3,38,0,0,0,0
11,Lamar Miller,RB,HOU@WAS,10,0,0,0,0,0,0,20,86,0,0,3,22,0,0,0,0
11,Christian McCaffrey,RB,CAR@DET,10,0,0,0,0,0,0,13,53,0,0,6,57,0,0,0,0
11,Jordan Wilkins,RB,TEN@IND,9,0,0,0,0,0,0,4,30,1,0,0,0,0,0,0,0
11,Jalen Richard,RB,OAK@ARI,9,0,0,0,0,0,0,11,61,0,0,3,32,0,0,0,0
11,Todd Gurley,RB,KC@LA,8,0,0,0,0,0,0,12,55,0,0,3,39,0,0,0,0
11,Royce Freeman,RB,DEN@LAC,8,0,0,0,0,0,0,7,23,1,0,1,7,0,0,0,0
11,Alex Collins,RB,CIN@BAL,7,0,0,0,0,0,0,7,18,1,0,0,0,0,0,0,0
11,Tevin Coleman,RB,DAL@ATL,7,0,0,0,0,0,0,8,58,0,0,3,27,0,0,0,0
11,Jordan Howard,RB,MIN@CHI,6,0,0,0,0,0,0,18,63,0,0,1,2,0,0,0,0
11,Austin Ekeler,RB,DEN@LAC,6,0,0,0,0,0,0,6,29,0,0,2,40,0,0,0,0
11,Doug Martin,RB,OAK@ARI,5,0,0,0,0,0,0,10,52,0,0,1,6,0,0,0,0
11,Rashaad Penny,RB,GB@SEA,4,0,0,0,0,0,0,8,46,0,0,0,0,0,0,0,0
11,Carlos Hyde,RB,PIT@JAX,4,0,0,0,0,0,0,8,44,0,0,0,0,0,0,0,0
11,Derrick Henry,RB,TEN@IND,4,0,0,0,0,0,0,9,46,0,0,0,0,0,0,0,0
11,Mike Davis,RB,GB@SEA,4,0,0,0,0,0,0,4,26,0,0,2,24,0,0,0,0
11,James Conner,RB,PIT@JAX,4,0,0,0,0,0,0,9,25,0,0,6,24,0,0,0,0
11,Alfred Blue,RB,HOU@WAS,4,0,0,0,0,0,0,8,46,0,0,0,0,0,0,0,0
11,DeAndre Washington,RB,OAK@ARI,3,0,0,0,0,0,0,12,39,0,0,0,0,0,0,0,0
11,Theo Riddick,RB,CAR@DET,3,0,0,0,0,0,0,1,0,0,0,5,30,0,0,0,0
11,Nyheim Hines,RB,TEN@IND,3,0,0,0,0,0,0,5,14,0,0,1,20,0,0,0,0
11,Wayne Gallman,RB,TB@NYG,3,0,0,0,0,0,0,2,11,0,0,2,24,0,0,0,0
11,Tarik Cohen,RB,MIN@CHI,3,0,0,0,0,0,0,7,27,0,0,3,23,0,0,1,0
11,T.J. Yeldon,RB,PIT@JAX,2,0,0,0,0,0,0,5,23,0,0,2,9,0,0,0,0
11,Ito Smith,RB,DAL@ATL,2,0,0,0,0,0,0,6,10,0,0,2,12,0,0,0,0
11,Dion Lewis,RB,TEN@IND,2,0,0,0,0,0,0,10,24,0,0,1,8,0,0,0,0
11,Giovani Bernard,RB,CIN@BAL,2,0,0,0,0,0,0,2,5,0,0,4,20,0,0,0,0
11,Jacquizz Rodgers,RB,TB@NYG,1,0,0,0,0,0,0,3,15,0,0,0,0,0,0,0,0
11,Andy Janovich,RB,DEN@LAC,1,0,0,0,0,0,0,0,0,0,0,1,12,0,0,0,0
11,Chase Edmonds,RB,OAK@ARI,1,0,0,0,0,0,0,5,17,0,0,0,0,0,0,0,0
11,Corey Clement,RB,PHI@NO,1,0,0,0,0,0,0,2,11,0,0,2,4,0,0,0,0
11,Malcolm Brown,RB,KC@LA,1,0,0,0,0,0,0,4,15,0,0,0,0,0,0,0,0
11,Ameer Abdullah,RB,MIN@CHI,1,0,0,0,0,0,0,0,0,0,0,1,10,0,0,0,0
11,Jamaal Williams,RB,GB@SEA,0,0,0,0,0,0,0,1,5,0,0,0,0,0,0,0,0
11,Dwayne Washington,RB,PHI@NO,0,0,0,0,0,0,0,3,-3,0,0,0,0,0,0,0,0
11,Rod Smith,RB,DAL@ATL,0,0,0,0,0,0,0,1,0,0,0,2,8,0,0,0,0
11,Wendell Smallwood,RB,PHI@NO,0,0,0,0,0,0,0,1,-4,0,0,0,0,0,0,0,0
11,Elijhaa Penny,RB,TB@NYG,0,0,0,0,0,0,0,0,0,0,0,2,4,0,0,0,0
11,Latavius Murray,RB,MIN@CHI,0,0,0,0,0,0,0,4,5,0,0,0,0,0,0,0,0
11,Taquan Mizzell,RB,MIN@CHI,0,0,0,0,0,0,0,1,-1,0,0,0,0,0,0,0,0
11,Byron Marshall,RB,HOU@WAS,0,0,0,0,0,0,0,2,5,0,0,0,0,0,0,0,0
11,Zach Line,RB,PHI@NO,0,0,0,0,0,0,0,1,-1,0,0,0,0,0,0,0,0
11,Dalvin Cook,RB,MIN@CHI,0,0,0,0,0,0,0,9,12,0,0,3,-2,0,0,1,0
11,Devontae Booker,RB,DEN@LAC,0,0,0,0,0,0,0,0,0,0,0,1,4,0,0,0,0
11,LeGarrette Blount,RB,CAR@DET,0,0,0,0,0,0,0,7,1,0,0,0,0,0,0,0,0
11,Kapri Bibbs,RB,HOU@WAS,0,0,0,0,0,0,0,1,0,0,0,2,6,0,0,0,0
11,Cameron Artis-Payne,RB,CAR@DET,0,0,0,0,0,0,0,1,1,0,0,0,0,0,0,0,0
11,Javorius Allen,RB,CIN@BAL,0,0,0,0,0,0,0,1,2,0,0,0,0,0,0,0,0
12,Christian McCaffrey,RB,SEA@CAR,35,0,0,0,0,0,0,17,125,1,0,11,112,1,0,0,0
12,Saquon Barkley,RB,NYG@PHI,26,0,0,0,0,0,0,13,101,1,0,7,41,1,0,0,0
12,Nick Chubb,RB,CLE@CIN,24,0,0,0,0,0,0,28,84,1,0,3,44,1,0,0,0
12,Lamar Miller,RB,TEN@HOU,22,0,0,0,0,0,0,12,162,1,0,1,5,0,0,0,0
12,Leonard Fournette,RB,JAX@BUF,22,0,0,0,0,0,0,18,95,2,0,3,13,0,0,0,0
12,Kenyan Drake,RB,MIA@IND,21,0,0,0,0,0,0,8,32,1,0,5,64,1,0,0,0
12,LeGarrette Blount,RB,CHI@DET,21,0,0,0,0,0,0,19,88,2,0,1,15,0,0,0,0
12,Sony Michel,RB,NE@NYJ,20,0,0,0,0,0,0,21,133,1,0,2,12,0,0,0,0
12,Ezekiel Elliott,RB,WAS@DAL,20,0,0,0,0,0,0,26,121,1,0,5,22,0,0,0,0
12,Melvin Gordon,RB,ARI@LAC,18,0,0,0,0,0,0,10,61,2,0,2,5,0,0,0,0
12,Phillip Lindsay,RB,PIT@DEN,17,0,0,0,0,0,0,14,110,1,0,0,0,0,0,0,0
12,Josh Adams,RB,NYG@PHI,16,0,0,0,0,0,0,22,84,1,1,0,0,0,0,0,0
12,Aaron Jones,RB,GB@MIN,15,0,0,0,0,0,0,17,72,1,0,3,21,0,0,0,0
12,Austin Ekeler,RB,ARI@LAC,15,0,0,0,0,0,0,5,35,1,0,10,68,0,0,0,0
12,Joe Mixon,RB,CLE@CIN,14,0,0,0,0,0,0,14,89,0,0,7,66,0,0,0,0
12,Doug Martin,RB,OAK@BAL,13,0,0,0,0,0,0,11,51,1,0,3,21,0,0,0,0
12,Matt Breida,RB,SF@TB,13,0,0,0,0,0,0,14,106,0,0,3,34,0,0,0,0
12,Dalvin Cook,RB,GB@MIN,12,0,0,0,0,0,0,10,29,0,0,3,47,1,0,0,0
12,Gus Edwards,RB,OAK@BAL,11,0,0,0,0,0,0,23,118,0,0,0,0,0,0,0,0
12,Tarik Cohen,RB,CHI@DET,11,0,0,0,0,0,0,3,14,0,0,7,45,1,0,0,0
12,Chris Carson,RB,SEA@CAR,11,0,0,0,0,0,0,16,55,1,0,2,8,0,0,0,0
12,Peyton Barber,RB,SF@TB,11,0,0,0,0,0,0,18,47,1,0,2,16,0,0,0,0
12,Marlon Mack,RB,MIA@IND,9,0,0,0,0,0,0,15,85,0,0,2,11,0,0,0,0
12,Corey Clement,RB,NYG@PHI,9,0,0,0,0,0,0,5,45,0,1,2,31,0,0,0,0
12,Taquan Mizzell,RB,CHI@DET,8,0,0,0,0,0,0,1,7,0,0,2,21,1,0,0,0
12,Alvin Kamara,RB,ATL@NO,8,0,0,0,0,0,0,14,89,0,0,1,9,0,0,0,0
12,James Conner,RB,PIT@DEN,8,0,0,0,0,0,0,13,53,0,0,4,42,0,0,1,0
12,Kapri Bibbs,RB,WAS@DAL,8,0,0,0,0,0,0,3,17,1,0,3,19,0,0,0,0
12,James White,RB,NE@NYJ,7,0,0,0,0,0,0,9,73,0,0,1,5,0,0,0,0
12,David Johnson,RB,ARI@LAC,7,0,0,0,0,0,0,17,63,0,0,2,16,0,0,0,0
12,Frank Gore,RB,MIA@IND,7,0,0,0,0,0,0,14,67,0,0,1,10,0,0,0,0
12,Tevin Coleman,RB,ATL@NO,7,0,0,0,0,0,0,8,6,0,0,3,17,1,0,0,0
12,Jacquizz Rodgers,RB,SF@TB,6,0,0,0,0,0,0,5,31,0,0,4,31,0,0,0,0
12,Ty Montgomery,RB,OAK@BAL,6,0,0,0,0,0,0,8,51,0,0,3,13,0,0,0,0
12,Mark Ingram,RB,ATL@NO,6,0,0,0,0,0,0,11,52,0,0,2,14,0,0,0,0
12,Isaiah Crowell,RB,NE@NYJ,6,0,0,0,0,0,0,6,30,0,0,3,30,0,0,0,0
12,Theo Riddick,RB,CHI@DET,5,0,0,0,0,0,0,2,12,0,0,7,48,0,0,0,0
12,Justin Jackson,RB,ARI@LAC,5,0,0,0,0,0,0,7,57,0,0,0,0,0,0,0,0
12,Alfred Blue,RB,TEN@HOU,5,0,0,0,0,0,0,13,49,0,0,1,13,0,0,0,0
12,LeSean McCoy,RB,JAX@BUF,4,0,0,0,0,0,0,17,46,0,0,1,7,0,0,0,0
12,Nyheim Hines,RB,MIA@IND,4,0,0,0,0,0,0,9,28,0,0,2,22,0,0,0,0
12,Jeffery Wilson,RB,SF@TB,3,0,0,0,0,0,0,7,33,0,0,1,8,0,0,0,0
12,Adrian Peterson,RB,WAS@DAL,3,0,0,0,0,0,0,12,35,0,0,2,9,0,0,0,0
12,Latavius Murray,RB,GB@MIN,3,0,0,0,0,0,0,11,33,0,0,0,0,0,0,0,0
12,Dion Lewis,RB,TEN@HOU,3,0,0,0,0,0,0,7,8,0,0,7,33,0,0,0,0
12,Duke Johnson,RB,CLE@CIN,3,0,0,0,0,0,0,2,16,0,0,1,23,0,0,0,0
12,Carlos Hyde,RB,JAX@BUF,3,0,0,0,0,0,0,10,33,0,0,0,0,0,0,0,0
12,Derrick Henry,RB,TEN@HOU,3,0,0,0,0,0,0,8,30,0,0,2,19,0,0,1,0
12,T.J. Yeldon,RB,JAX@BUF,2,0,0,0,0,0,0,3,16,0,0,2,17,0,0,0,0
12,Jordan Wilkins,RB,MIA@IND,2,0,0,0,0,0,0,0,0,0,0,3,32,0,0,1,0
12,Tre Madden,RB,SEA@CAR,2,0,0,0,0,0,0,0,0,0,0,1,28,0,0,0,0
12,Wayne Gallman,RB,NYG@PHI,2,0,0,0,0,0,0,5,25,0,0,2,-2,0,0,0,0
12,Giovani Bernard,RB,CLE@CIN,2,0,0,0,0,0,0,1,10,0,0,1,12,0,0,0,0
12,Jaylen Samuels,RB,PIT@DEN,1,0,0,0,0,0,0,0,0,0,0,1,12,0,0,0,0
12,Jalen Richard,RB,OAK@BAL,1,0,0,0,0,0,0,1,1,0,0,2,15,0,0,0,0
12,Jamize Olawale,RB,WAS@DAL,1,0,0,0,0,0,0,0,0,0,0,1,10,0,0,0,0
12,Detrez Newsome,RB,ARI@LAC,1,0,0,0,0,0,0,4,15,0,0,0,0,0,0,0,0
12,Elijah McGuire,RB,NE@NYJ,1,0,0,0,0,0,0,6,19,0,0,1,7,0,0,0,0
12,Chris Ivory,RB,JAX@BUF,1,0,0,0,0,0,0,3,14,0,0,0,0,0,0,0,0
12,Jordan Howard,RB,CHI@DET,1,0,0,0,0,0,0,7,13,0,0,1,2,0,0,0,0
12,C.J. Ham,RB,GB@MIN,1,0,0,0,0,0,0,1,0,0,0,1,13,0,0,0,0
12,Royce Freeman,RB,PIT@DEN,1,0,0,0,0,0,0,6,17,0,0,0,0,0,0,0,0
12,Mike Davis,RB,SEA@CAR,1,0,0,0,0,0,0,4,14,0,0,0,0,0,0,0,0
12,Tommy Bohanon,RB,JAX@BUF,1,0,0,0,0,0,0,1,0,0,0,2,19,0,0,0,0
12,Zach Zenner,RB,CHI@DET,0,0,0,0,0,0,0,2,9,0,0,1,4,0,0,0,0
12,Jamaal Williams,RB,GB@MIN,0,0,0,0,0,0,0,1,5,0,0,0,0,0,0,0,0
12,DeAndre Washington,RB,OAK@BAL,0,0,0,0,0,0,0,3,8,0,0,1,9,0,0,0,0
12,Rod Smith,RB,WAS@DAL,0,0,0,0,0,0,0,2,7,0,0,0,0,0,0,0,0
12,Ito Smith,RB,ATL@NO,0,0,0,0,0,0,0,4,0,0,0,2,7,0,0,0,0
12,Rashaad Penny,RB,SEA@CAR,0,0,0,0,0,0,0,4,4,0,0,0,0,0,0,0,0
12,Elijhaa Penny,RB,NYG@PHI,0,0,0,0,0,0,0,0,0,0,0,1,7,0,0,0,0
12,T.J. Logan,RB,ARI@LAC,0,0,0,0,0,0,0,0,0,0,0,1,5,0,0,0,0
12,Chase Edmonds,RB,ARI@LAC,0,0,0,0,0,0,0,5,0,0,0,0,0,0,0,0,0
12,Trenton Cannon,RB,NE@NYJ,0,0,0,0,0,0,0,0,0,0,0,1,-3,0,0,0,0
12,Devontae Booker,RB,PIT@DEN,0,0,0,0,0,0,0,0,0,0,0,1,6,0,0,0,0
12,Kalen Ballage,RB,MIA@IND,0,0,0,0,0,0,0,0,0,0,0,2,-5,0,0,0,0
12,Javorius Allen,RB,OAK@BAL,0,0,0,0,0,0,0,1,2,0,0,0,0,0,0,0,0
13,Todd Gurley,RB,LA@DET,28,0,0,0,0,0,0,23,132,2,0,3,33,0,0,0,0
13,Phillip Lindsay,RB,DEN@CIN,27,0,0,0,0,0,0,19,157,2,0,1,2,0,0,0,0
13,Tarik Cohen,RB,CHI@NYG,24,1,1,1,1,0,0,8,30,0,0,12,156,0,0,0,0
13,Christian McCaffrey,RB,CAR@TB,21,0,0,0,0,0,0,10,106,0,0,9,55,1,0,0,0
13,Ezekiel Elliott,RB,NO@DAL,19,0,0,0,0,0,0,23,75,0,0,6,60,1,0,0,0
13,James Conner,RB,LAC@PIT,19,0,0,0,0,0,0,15,60,2,0,3,14,0,0,0,0
13,Chase Edmonds,RB,ARI@GB,18,0,0,0,0,0,0,5,53,2,0,2,13,0,0,0,0
13,Adrian Peterson,RB,WAS@PHI,15,0,0,0,0,0,0,9,98,1,0,0,0,0,0,0,0
13,Saquon Barkley,RB,CHI@NYG,14,0,0,0,0,0,0,24,125,0,0,3,21,0,0,0,0
13,Justin Jackson,RB,LAC@PIT,13,0,0,0,0,0,0,8,63,1,0,1,19,0,0,0,0
13,Nick Chubb,RB,CLE@HOU,13,0,0,0,0,0,0,9,31,1,0,3,41,0,0,0,0
13,Jeffery Wilson,RB,SF@SEA,12,0,0,0,0,0,0,15,61,0,0,8,73,0,0,1,0
13,Rashaad Penny,RB,SF@SEA,12,0,0,0,0,0,0,7,65,1,0,0,0,0,0,0,0
13,James Develin,RB,MIN@NE,12,0,0,0,0,0,0,4,5,2,0,1,9,0,0,0,0
13,James White,RB,MIN@NE,11,0,0,0,0,0,0,6,26,0,0,7,92,0,0,0,0
13,Jalen Richard,RB,KC@OAK,11,0,0,0,0,0,0,6,95,0,0,3,31,0,0,1,0
13,Lamar Miller,RB,CLE@HOU,11,0,0,0,0,0,0,19,103,0,0,1,12,0,0,0,0
13,Doug Martin,RB,KC@OAK,11,0,0,0,0,0,0,18,61,1,0,2,6,0,0,1,0
13,Spencer Ware,RB,KC@OAK,10,0,0,0,0,0,0,14,47,1,0,1,5,0,0,0,0
13,Aaron Jones,RB,ARI@GB,10,0,0,0,0,0,0,11,36,1,0,4,16,0,0,0,0
13,Derrick Henry,RB,NYJ@TEN,10,0,0,0,0,0,0,10,40,1,0,2,5,0,0,0,0
13,Kenyan Drake,RB,BUF@MIA,10,0,0,0,0,0,0,7,31,0,0,2,13,1,0,0,0
13,Dalvin Cook,RB,MIN@NE,10,0,0,0,0,0,0,9,84,0,0,8,22,0,0,0,0
13,Joe Mixon,RB,DEN@CIN,9,0,0,0,0,0,0,12,82,0,0,2,13,0,0,0,0
13,Isaiah Crowell,RB,NYJ@TEN,9,0,0,0,0,0,0,21,98,0,0,4,9,0,0,0,0
13,Chris Carson,RB,SF@SEA,9,0,0,0,0,0,0,13,69,0,0,3,39,0,0,0,0
13,Peyton Barber,RB,CAR@TB,9,0,0,0,0,0,0,16,45,1,0,0,0,0,0,1,0
13,Darren Sproles,RB,WAS@PHI,8,0,0,0,0,0,0,4,22,1,0,0,0,0,0,0,0
13,Jaylen Samuels,RB,LAC@PIT,8,0,0,0,0,0,0,2,5,0,0,3,20,1,0,0,0
13,Gus Edwards,RB,BAL@ATL,8,0,0,0,0,0,0,21,82,0,0,0,0,0,0,0,0
13,Josh Adams,RB,WAS@PHI,8,0,0,0,0,0,0,20,85,0,0,0,0,0,0,0,0
13,Jordan Howard,RB,CHI@NYG,7,0,0,0,0,0,0,16,76,0,0,1,4,0,0,0,0
13,Sony Michel,RB,MIN@NE,6,0,0,0,0,0,0,17,63,0,0,1,7,0,0,0,0
13,LeSean McCoy,RB,BUF@MIA,6,0,0,0,0,0,0,15,52,0,0,4,12,0,0,0,0
13,Alvin Kamara,RB,NO@DAL,6,0,0,0,0,0,0,11,36,0,0,8,36,0,0,0,0
13,David Johnson,RB,ARI@GB,6,0,0,0,0,0,0,20,69,0,0,1,3,0,0,0,0
13,Corey Clement,RB,WAS@PHI,6,0,0,0,0,0,0,5,27,0,0,3,47,0,0,0,0
13,LeGarrette Blount,RB,LA@DET,6,0,0,0,0,0,0,16,61,0,0,0,0,0,0,0,0
13,T.J. Yeldon,RB,IND@JAX,5,0,0,0,0,0,0,8,16,0,0,7,49,0,0,0,0
13,Theo Riddick,RB,LA@DET,5,0,0,0,0,0,0,8,32,0,0,3,26,0,0,0,0
13,Ty Montgomery,RB,BAL@ATL,5,0,0,0,0,0,0,3,13,0,0,5,42,0,0,0,0
13,Nyheim Hines,RB,IND@JAX,5,0,0,0,0,0,0,4,5,0,0,9,50,0,0,0,0
13,Matt Breida,RB,SF@SEA,5,0,0,0,0,0,0,5,6,0,0,3,51,0,0,0,0
13,Alfred Blue,RB,CLE@HOU,5,0,0,0,0,0,0,13,54,0,0,0,0,0,0,0,0
13,Dontrell Hilliard,RB,CLE@HOU,4,0,0,0,0,0,0,0,0,0,0,4,40,0,0,0,0
13,Austin Ekeler,RB,LAC@PIT,4,0,0,0,0,0,0,13,21,0,0,5,22,0,0,0,0
13,Rex Burkhead,RB,MIN@NE,4,0,0,0,0,0,0,7,20,0,0,2,21,0,0,0,0
13,Giovani Bernard,RB,DEN@CIN,4,0,0,0,0,0,0,5,14,0,0,6,32,0,0,0,0
13,Damien Williams,RB,KC@OAK,3,0,0,0,0,0,0,5,38,0,0,2,7,0,0,0,0
13,Dion Lewis,RB,NYJ@TEN,3,0,0,0,0,0,0,6,36,0,0,2,-2,0,0,0,0
13,Frank Gore,RB,BUF@MIA,3,0,0,0,0,0,0,8,21,0,0,1,10,0,0,0,0
13,Royce Freeman,RB,DEN@CIN,3,0,0,0,0,0,0,12,48,0,0,0,0,0,0,1,0
13,Kenneth Dixon,RB,BAL@ATL,3,0,0,0,0,0,0,8,37,0,0,1,6,0,0,0,0
13,Patrick DiMarco,RB,BUF@MIA,3,0,0,0,0,0,0,0,0,0,0,1,38,0,0,0,0
13,Devontae Booker,RB,DEN@CIN,3,0,0,0,0,0,0,1,4,0,0,2,38,0,0,0,0
13,Jamaal Williams,RB,ARI@GB,2,0,0,0,0,0,0,7,13,0,0,4,14,0,0,0,0
13,Ito Smith,RB,BAL@ATL,2,0,0,0,0,0,0,7,22,0,0,1,0,0,0,0,0
13,Marlon Mack,RB,IND@JAX,2,0,0,0,0,0,0,8,27,0,0,1,6,0,0,0,0
13,Kyle Juszczyk,RB,SF@SEA,2,0,0,0,0,0,0,0,0,0,0,3,20,0,0,0,0
13,Mark Ingram,RB,NO@DAL,2,0,0,0,0,0,0,7,27,0,0,2,1,0,0,0,0
13,Carlos Hyde,RB,IND@JAX,2,0,0,0,0,0,0,13,36,0,0,1,1,0,0,1,0
13,Mark Walton,RB,DEN@CIN,1,0,0,0,0,0,0,1,10,0,0,0,0,0,0,0,0
13,Chris Thompson,RB,WAS@PHI,1,0,0,0,0,0,0,3,3,0,0,3,18,0,0,0,0
13,Latavius Murray,RB,MIN@NE,1,0,0,0,0,0,0,4,11,0,0,2,3,0,0,0,0
13,Taquan Mizzell,RB,CHI@NYG,1,0,0,0,0,0,0,3,7,0,0,2,16,0,0,0,0
13,Elijah McGuire,RB,NYJ@TEN,1,0,0,0,0,0,0,6,19,0,0,1,-4,0,0,0,0
13,Duke Johnson,RB,CLE@HOU,1,0,0,0,0,0,0,0,0,0,0,2,12,0,0,0,0
13,C.J. Ham,RB,MIN@NE,1,0,0,0,0,0,0,0,0,0,0,2,11,0,0,0,0
13,Wayne Gallman,RB,CHI@NYG,1,0,0,0,0,0,0,5,16,0,0,1,-2,0,0,0,0
13,Mike Davis,RB,SF@SEA,1,0,0,0,0,0,0,4,10,0,0,0,0,0,0,0,0
13,Trenton Cannon,RB,NYJ@TEN,1,0,0,0,0,0,0,4,18,0,0,1,7,0,0,0,0
13,Brandon Bolden,RB,BUF@MIA,1,0,0,0,0,0,0,1,10,0,0,0,0,0,0,0,0
13,Zach Zenner,RB,LA@DET,0,0,0,0,0,0,0,1,7,0,0,0,0,0,0,0,0
13,Jordan Wilkins,RB,IND@JAX,0,0,0,0,0,0,0,0,0,0,0,1,0,0,0,0,0
13,Rod Smith,RB,NO@DAL,0,0,0,0,0,0,0,3,2,0,0,0,0,0,0,0,0
13,Marcus Murphy,RB,BUF@MIA,0,0,0,0,0,0,0,1,7,0,0,0,0,0,0,0,0
13,T.J. Logan,RB,ARI@GB,0,0,0,0,0,0,0,1,5,0,0,0,0,0,0,0,0
13,Ronald Jones II,RB,CAR@TB,0,0,0,0,0,0,0,4,2,0,0,0,0,0,0,0,0
13,Andy Janovich,RB,DEN@CIN,0,0,0,0,0,0,0,0,0,0,0,1,7,0,0,0,0
13,Chris Ivory,RB,BUF@MIA,0,0,0,0,0,0,0,6,4,0,0,0,0,0,0,0,0
13,Tevin Coleman,RB,BAL@ATL,0,0,0,0,0,0,0,6,8,0,0,1,3,0,0,0,0
13,Malcolm Brown,RB,LA@DET,0,0,0,0,0,0,0,2,8,0,0,0,0,0,0,0,0
13,Kalen Ballage,RB,BUF@MIA,0,0,0,0,0,0,0,4,3,0,0,0,0,0,0,0,0
13,DeAndre Washington,RB,KC@OAK,-1,0,0,0,0,0,0,3,7,0,0,0,0,0,0,1,0
14,Derrick Henry,RB,JAX@TEN,47,0,0,0,0,0,0,17,238,4,0,0,0,0,0,0,0
14,Saquon Barkley,RB,NYG@WAS,25,0,0,0,0,0,0,14,170,1,0,4,27,0,0,0,0
14,Christian McCaffrey,RB,CAR@CLE,21,0,0,0,0,0,0,16,63,2,0,6,38,0,0,0,0
14,Joe Mixon,RB,CIN@LAC,19,0,0,0,0,0,0,26,111,1,0,5,27,0,0,0,0
14,Ezekiel Elliott,RB,PHI@DAL,18,0,0,0,0,0,0,28,113,0,0,12,79,0,0,0,0
14,Brandon Bolden,RB,NE@MIA,18,0,0,0,0,0,0,2,60,2,0,1,0,0,0,0,0
14,Aaron Jones,RB,ATL@GB,15,0,0,0,0,0,0,17,78,1,0,3,28,0,0,0,0
14,Chris Carson,RB,MIN@SEA,15,0,0,0,0,0,0,22,90,1,0,0,0,0,0,0,0
14,Damien Williams,RB,BAL@KC,14,0,0,0,0,0,0,8,14,1,0,4,16,1,0,0,0
14,Elijah McGuire,RB,NYJ@BUF,14,0,0,0,0,0,0,17,60,1,0,3,23,0,0,0,0
14,Austin Ekeler,RB,CIN@LAC,14,0,0,0,0,0,0,15,66,1,0,2,28,0,0,0,0
14,Kenyan Drake,RB,NE@MIA,13,0,0,0,0,0,0,6,24,0,0,1,55,1,0,0,0
14,Kenneth Dixon,RB,BAL@KC,13,0,0,0,0,0,0,8,59,1,0,1,21,0,0,0,0
14,Dalvin Cook,RB,MIN@SEA,13,0,0,0,0,0,0,13,55,0,0,5,28,1,0,0,0
14,Nick Chubb,RB,CAR@CLE,13,0,0,0,0,0,0,13,66,1,0,4,17,0,0,0,0
14,Spencer Ware,RB,BAL@KC,12,0,0,0,0,0,0,15,75,0,0,5,54,0,0,0,0
14,Zach Zenner,RB,DET@ARI,11,0,0,0,0,0,0,12,54,1,0,0,0,0,0,0,0
14,Phillip Lindsay,RB,DEN@SF,11,0,0,0,0,0,0,14,30,1,0,4,21,0,0,0,0
14,Mark Ingram,RB,NO@TB,11,0,0,0,0,0,0,13,52,1,0,1,1,0,0,0,0
14,Frank Gore,RB,NE@MIA,11,0,0,0,0,0,0,12,92,0,0,1,24,0,0,0,0
14,Lamar Miller,RB,IND@HOU,10,0,0,0,0,0,0,14,33,1,0,5,19,0,0,0,0
14,Alvin Kamara,RB,NO@TB,10,0,0,0,0,0,0,12,51,0,1,5,36,0,0,0,0
14,Jordan Howard,RB,LA@CHI,10,0,0,0,0,0,0,19,101,0,0,1,2,0,0,0,0
14,Jeffery Wilson,RB,DEN@SF,9,0,0,0,0,0,0,23,90,0,0,1,6,0,0,0,0
14,Darren Sproles,RB,PHI@DAL,9,0,0,0,0,0,0,1,2,0,0,3,34,1,0,0,0
14,Doug Martin,RB,PIT@OAK,9,0,0,0,0,0,0,16,32,1,0,0,0,0,0,0,0
14,Marlon Mack,RB,IND@HOU,9,0,0,0,0,0,0,14,33,1,0,0,0,0,0,0,0
14,Jaylen Samuels,RB,PIT@OAK,8,0,0,0,0,0,0,11,28,0,0,7,64,0,0,0,0
14,Tarik Cohen,RB,LA@CHI,8,0,0,0,0,0,0,9,69,0,0,4,20,0,0,0,0
14,Alfred Blue,RB,IND@HOU,8,0,0,0,0,0,0,6,21,1,0,0,0,0,0,0,0
14,Ito Smith,RB,ATL@GB,7,0,0,0,0,0,0,11,60,0,0,3,14,0,0,0,0
14,Stevan Ridley,RB,PIT@OAK,6,0,0,0,0,0,0,5,4,1,0,0,0,0,0,0,0
14,Zach Line,RB,NO@TB,6,0,0,0,0,0,0,1,4,0,0,1,1,1,0,0,0
14,Gus Edwards,RB,BAL@KC,6,0,0,0,0,0,0,16,67,0,0,0,0,0,0,0,0
14,James Develin,RB,NE@MIA,6,0,0,0,0,0,0,1,2,1,0,0,0,0,0,0,0
14,Trenton Cannon,RB,NYJ@BUF,6,0,0,0,0,0,0,5,3,1,0,1,4,0,0,0,0
14,Theo Riddick,RB,DET@ARI,5,0,0,0,0,0,0,6,28,0,0,4,30,0,0,0,0
14,Sony Michel,RB,NE@MIA,5,0,0,0,0,0,0,20,57,0,0,0,0,0,0,0,0
14,David Johnson,RB,DET@ARI,5,0,0,0,0,0,0,15,49,0,0,8,12,0,0,0,0
14,Todd Gurley,RB,LA@CHI,5,0,0,0,0,0,0,11,28,0,0,3,30,0,0,0,0
14,Jacquizz Rodgers,RB,NO@TB,4,0,0,0,0,0,0,4,16,0,0,4,38,0,0,0,0
14,Rashaad Penny,RB,MIN@SEA,4,0,0,0,0,0,0,8,44,0,0,0,0,0,0,0,0
14,Dion Lewis,RB,JAX@TEN,4,0,0,0,0,0,0,10,13,0,0,5,39,0,0,0,0
14,Chris Ivory,RB,NYJ@BUF,4,0,0,0,0,0,0,12,42,0,0,0,0,0,0,0,0
14,Tevin Coleman,RB,ATL@GB,4,0,0,0,0,0,0,10,45,0,0,1,-4,0,0,0,0
14,Peyton Barber,RB,NO@TB,4,0,0,0,0,0,0,14,42,0,0,1,2,0,0,0,0
14,Chris Thompson,RB,NYG@WAS,3,0,0,0,0,0,0,3,23,0,0,3,15,0,0,0,0
14,Rod Smith,RB,PHI@DAL,3,0,0,0,0,0,0,4,27,0,0,2,16,0,0,0,0
14,Elijhaa Penny,RB,NYG@WAS,3,0,0,0,0,0,0,5,21,0,0,1,16,0,0,0,0
14,Justin Jackson,RB,CIN@LAC,3,0,0,0,0,0,0,7,12,0,0,2,23,0,0,0,0
14,Wayne Gallman,RB,NYG@WAS,3,0,0,0,0,0,0,14,38,0,0,0,0,0,0,0,0
14,Royce Freeman,RB,DEN@SF,3,0,0,0,0,0,0,6,36,0,0,0,0,0,0,0,0
14,Leonard Fournette,RB,JAX@TEN,3,0,0,0,0,0,0,14,36,0,0,2,5,0,0,0,0
14,LeGarrette Blount,RB,DET@ARI,3,0,0,0,0,0,0,12,33,0,0,2,18,0,0,1,0
14,Josh Adams,RB,PHI@DAL,3,0,0,0,0,0,0,7,36,0,0,0,0,0,0,0,0
14,James White,RB,NE@MIA,2,0,0,0,0,0,0,4,13,0,0,2,15,0,0,0,0
14,Jalen Richard,RB,PIT@OAK,2,0,0,0,0,0,0,8,24,0,0,1,5,0,0,0,0
14,Kyle Juszczyk,RB,DEN@SF,2,0,0,0,0,0,0,0,0,0,0,2,21,0,0,0,0
14,Dontrell Hilliard,RB,CAR@CLE,2,0,0,0,0,0,0,0,0,0,0,2,20,0,0,0,0
14,Mike Davis,RB,MIN@SEA,2,0,0,0,0,0,0,3,22,0,0,1,5,0,0,0,0
14,T.J. Yeldon,RB,JAX@TEN,1,0,0,0,0,0,0,1,7,0,0,1,10,0,0,0,0
14,Jamaal Williams,RB,ATL@GB,1,0,0,0,0,0,0,4,17,0,0,0,0,0,0,0,0
14,Adrian Peterson,RB,NYG@WAS,1,0,0,0,0,0,0,10,16,0,0,1,3,0,0,0,0
14,Marcus Murphy,RB,NYJ@BUF,1,0,0,0,0,0,0,4,10,0,0,1,8,0,0,0,0
14,Byron Marshall,RB,NYG@WAS,1,0,0,0,0,0,0,1,4,0,0,3,13,0,0,0,0
14,Nyheim Hines,RB,IND@HOU,1,0,0,0,0,0,0,3,1,0,0,3,16,0,0,0,0
14,Chase Edmonds,RB,DET@ARI,1,0,0,0,0,0,0,3,14,0,0,0,0,0,0,0,0
14,Justin Davis,RB,LA@CHI,1,0,0,0,0,0,0,1,19,0,0,0,0,0,0,0,0
14,Devontae Booker,RB,DEN@SF,1,0,0,0,0,0,0,0,0,0,0,2,11,0,0,0,0
14,Giovani Bernard,RB,CIN@LAC,1,0,0,0,0,0,0,3,7,0,0,2,13,0,0,0,0
14,Darrel Williams,RB,BAL@KC,0,0,0,0,0,0,0,0,0,0,0,1,8,0,0,0,0
14,Derek Watt,RB,CIN@LAC,0,0,0,0,0,0,0,0,0,0,0,1,2,0,0,0,0
14,Wendell Smallwood,RB,PHI@DAL,0,0,0,0,0,0,0,1,3,0,0,0,0,0,0,0,0
14,Anthony Sherman,RB,BAL@KC,0,0,0,0,0,0,0,1,2,0,0,0,0,0,0,0,0
14,Latavius Murray,RB,MIN@SEA,0,0,0,0,0,0,0,3,4,0,0,0,0,0,0,0,0
14,Alfred Morris,RB,DEN@SF,0,0,0,0,0,0,0,2,4,0,0,1,3,0,0,0,0
14,Ty Montgomery,RB,BAL@KC,0,0,0,0,0,0,0,2,1,0,0,1,1,0,0,0,0
14,Taquan Mizzell,RB,LA@CHI,0,0,0,0,0,0,0,1,1,0,0,0,0,0,0,0,0
14,LeSean McCoy,RB,NYJ@BUF,0,0,0,0,0,0,0,2,1,0,0,0,0,0,0,0,0
14,Duke Johnson,RB,CAR@CLE,0,0,0,0,0,0,0,2,-6,0,0,0,0,0,0,0,0
14,Andy Janovich,RB,DEN@SF,0,0,0,0,0,0,0,1,3,0,0,0,0,0,0,0,0
14,Carlos Hyde,RB,JAX@TEN,0,0,0,0,0,0,0,0,0,0,0,1,-3,0,0,0,0
14,Brian Hill,RB,ATL@GB,0,0,0,0,0,0,0,1,5,0,0,0,0,0,0,0,0
14,Isaiah Crowell,RB,NYJ@BUF,0,0,0,0,0,0,0,2,5,0,0,1,2,0,0,0,0
14,Corey Clement,RB,PHI@DAL,0,0,0,0,0,0,0,1,-4,0,0,0,0,0,0,0,0
14,Rex Burkhead,RB,NE@MIA,0,0,0,0,0,0,0,4,2,0,0,1,3,0,0,0,0
14,Cameron Artis-Payne,RB,CAR@CLE,0,0,0,0,0,0,0,1,5,0,0,0,0,0,0,0,0
15,Derrick Henry,RB,TEN@NYG,29,1,1,6,0,0,0,33,170,2,0,1,0,0,0,0,0
15,Dalvin Cook,RB,MIA@MIN,27,0,0,0,0,0,0,19,136,2,0,1,27,0,0,0,0
15,Marlon Mack,RB,DAL@IND,25,0,0,0,0,0,0,27,139,2,0,1,10,0,0,1,0
15,Joe Mixon,RB,OAK@CIN,24,0,0,0,0,0,0,27,129,2,0,2,1,0,0,0,0
15,Damien Williams,RB,LAC@KC,23,0,0,0,0,0,0,10,49,2,0,6,74,0,0,0,0
15,Todd Gurley,RB,PHI@LA,23,0,0,0,0,0,0,12,48,2,0,10,76,0,0,0,0
15,Tevin Coleman,RB,ARI@ATL,20,0,0,0,0,0,0,11,145,1,0,0,0,0,0,0,0
15,Christian McCaffrey,RB,NO@CAR,19,1,1,50,1,0,0,15,53,0,0,8,67,0,0,0,0
15,Chris Carson,RB,SEA@SF,19,0,0,0,0,0,0,22,119,1,0,6,29,0,0,0,0
15,Kalen Ballage,RB,MIA@MIN,18,0,0,0,0,0,0,12,123,1,0,1,-2,0,0,0,0
15,Jaylen Samuels,RB,NE@PIT,17,0,0,0,0,0,0,19,142,0,0,2,30,0,0,0,0
15,Wendell Smallwood,RB,PHI@LA,16,0,0,0,0,0,0,10,48,2,0,2,9,0,0,0,0
15,Gus Edwards,RB,TB@BAL,16,0,0,0,0,0,0,19,104,1,0,0,0,0,0,0,0
15,Jamaal Williams,RB,GB@CHI,15,0,0,0,0,0,0,12,55,1,0,4,42,0,0,0,0
15,Alvin Kamara,RB,NO@CAR,15,0,0,0,0,0,0,14,67,1,0,7,36,0,0,0,0
15,David Johnson,RB,ARI@ATL,15,0,0,0,0,0,0,11,33,1,0,3,68,0,0,0,0
15,Peyton Barber,RB,TB@BAL,14,0,0,0,0,0,0,19,85,1,0,2,4,0,0,0,0
15,Justin Jackson,RB,LAC@KC,13,0,0,0,0,0,0,16,58,1,0,3,27,0,0,0,0
15,Jordan Howard,RB,GB@CHI,13,0,0,0,0,0,0,19,60,1,0,1,15,0,0,0,0
15,Latavius Murray,RB,MIA@MIN,12,0,0,0,0,0,0,15,68,1,0,0,0,0,0,0,0
15,Ezekiel Elliott,RB,DAL@IND,12,0,0,0,0,0,0,18,87,0,0,7,41,0,0,0,0
15,Elijah McGuire,RB,HOU@NYJ,11,0,0,0,0,0,0,18,42,1,0,3,29,0,0,1,0
15,Zach Zenner,RB,DET@BUF,10,0,0,0,0,0,0,10,45,1,0,3,0,0,0,0,0
15,Tarik Cohen,RB,GB@CHI,10,0,0,0,0,0,0,5,24,0,0,5,31,1,0,1,0
15,Nick Chubb,RB,CLE@DEN,10,0,0,0,0,0,0,20,100,0,0,0,0,0,0,0,0
15,Matt Breida,RB,SEA@SF,9,0,0,0,0,0,0,17,50,0,0,5,46,0,0,0,0
15,Darrel Williams,RB,LAC@KC,8,0,0,0,0,0,0,2,13,0,0,2,19,1,0,0,0
15,Mike Davis,RB,SEA@SF,8,0,0,0,0,0,0,5,21,0,0,8,63,0,0,0,0
15,Josh Adams,RB,PHI@LA,8,0,0,0,0,0,0,15,28,1,0,0,0,0,0,0,0
15,Adrian Peterson,RB,WAS@JAX,7,0,0,0,0,0,0,19,51,0,0,2,20,0,0,0,0
15,Mark Ingram,RB,NO@CAR,7,0,0,0,0,0,0,12,63,0,0,2,11,0,0,0,0
15,Jalen Richard,RB,OAK@CIN,5,0,0,0,0,0,0,4,9,0,0,5,67,0,0,1,0
15,Sony Michel,RB,NE@PIT,5,0,0,0,0,0,0,13,59,0,0,0,0,0,0,0,0
15,Nyheim Hines,RB,DAL@IND,5,0,0,0,0,0,0,6,19,0,0,4,45,0,0,0,0
15,Leonard Fournette,RB,WAS@JAX,5,0,0,0,0,0,0,11,46,0,0,3,18,0,0,0,0
15,Saquon Barkley,RB,TEN@NYG,5,0,0,0,0,0,0,14,31,0,0,4,25,0,0,0,0
15,Darren Sproles,RB,PHI@LA,4,0,0,0,0,0,0,3,30,0,0,3,16,0,0,0,0
15,Theo Riddick,RB,DET@BUF,4,0,0,0,0,0,0,8,47,0,0,2,9,0,0,0,0
15,Detrez Newsome,RB,LAC@KC,4,0,0,0,0,0,0,6,34,0,0,2,19,0,0,0,0
15,Phillip Lindsay,RB,CLE@DEN,4,0,0,0,0,0,0,14,24,0,0,4,20,0,0,0,0
15,Duke Johnson,RB,CLE@DEN,4,0,0,0,0,0,0,4,28,0,0,4,25,0,0,0,0
15,Keith Ford,RB,DET@BUF,4,0,0,0,0,0,0,14,46,0,0,1,7,0,0,0,0
15,Chase Edmonds,RB,ARI@ATL,4,0,0,0,0,0,0,8,22,0,0,2,22,0,0,0,0
15,Kenneth Dixon,RB,TB@BAL,4,0,0,0,0,0,0,11,48,0,0,1,2,0,0,0,0
15,Jeffery Wilson,RB,SEA@SF,3,0,0,0,0,0,0,7,46,0,0,0,0,0,0,1,0
15,David Williams,RB,WAS@JAX,3,0,0,0,0,0,0,5,32,0,0,0,0,0,0,0,0
15,James White,RB,NE@PIT,3,0,0,0,0,0,0,2,12,0,0,5,25,0,0,0,0
15,Ito Smith,RB,ARI@ATL,3,0,0,0,0,0,0,9,34,0,0,2,5,0,0,0,0
15,Marcus Murphy,RB,DET@BUF,3,0,0,0,0,0,0,11,35,0,0,0,0,0,0,0,0
15,Doug Martin,RB,OAK@CIN,3,0,0,0,0,0,0,9,39,0,0,0,0,0,0,0,0
15,Dion Lewis,RB,TEN@NYG,3,0,0,0,0,0,0,7,35,0,0,3,9,0,0,0,0
15,Trenton Cannon,RB,HOU@NYJ,3,0,0,0,0,0,0,7,13,0,0,3,24,0,0,0,0
15,Rex Burkhead,RB,NE@PIT,3,0,0,0,0,0,0,4,25,0,0,3,18,0,0,0,0
15,Kenyan Drake,RB,MIA@MIN,2,0,0,0,0,0,0,1,6,0,0,3,28,0,0,0,0
15,Giovani Bernard,RB,OAK@CIN,2,0,0,0,0,0,0,6,7,0,0,2,25,0,0,0,0
15,Rod Smith,RB,DAL@IND,1,0,0,0,0,0,0,3,14,0,0,0,0,0,0,0,0
15,Stevan Ridley,RB,NE@PIT,1,0,0,0,0,0,0,3,16,0,0,0,0,0,0,0,0
15,Byron Marshall,RB,WAS@JAX,1,0,0,0,0,0,0,0,0,0,0,1,17,0,0,0,0
15,T.J. Logan,RB,ARI@ATL,1,0,0,0,0,0,0,1,-3,0,0,4,18,0,0,0,0
15,Frank Gore,RB,MIA@MIN,1,0,0,0,0,0,0,5,14,0,0,0,0,0,0,0,0
15,James Develin,RB,NE@PIT,1,0,0,0,0,0,0,0,0,0,0,2,18,0,0,0,0
15,Devontae Booker,RB,CLE@DEN,1,0,0,0,0,0,0,0,0,0,0,2,17,0,0,0,0
15,Brandon Bolden,RB,MIA@MIN,1,0,0,0,0,0,0,1,12,0,0,0,0,0,0,0,0
15,T.J. Yeldon,RB,WAS@JAX,0,0,0,0,0,0,0,3,6,0,0,1,5,0,0,0,0
15,Jordan Wilkins,RB,DAL@IND,0,0,0,0,0,0,0,0,0,0,0,1,6,0,0,0,0
15,DeAndre Washington,RB,OAK@CIN,0,0,0,0,0,0,0,1,1,0,0,0,0,0,0,0,0
15,Chris Thompson,RB,WAS@JAX,0,0,0,0,0,0,0,5,9,0,0,1,4,0,0,0,0
15,Jacquizz Rodgers,RB,TB@BAL,0,0,0,0,0,0,0,0,0,0,0,1,1,0,0,0,0
15,Elijhaa Penny,RB,TEN@NYG,0,0,0,0,0,0,0,1,2,0,0,0,0,0,0,0,0
15,Taquan Mizzell,RB,GB@CHI,0,0,0,0,0,0,0,1,1,0,0,1,9,0,0,0,0
15,Lamar Miller,RB,HOU@NYJ,0,0,0,0,0,0,0,3,8,0,0,0,0,0,0,0,0
15,Zach Line,RB,NO@CAR,0,0,0,0,0,0,0,2,6,0,0,0,0,0,0,0,0
15,John Kelly,RB,PHI@LA,0,0,0,0,0,0,0,2,4,0,0,0,0,0,0,0,0
15,Kyle Juszczyk,RB,SEA@SF,0,0,0,0,0,0,0,0,0,0,0,1,3,0,0,0,0
15,Ronald Jones II,RB,TB@BAL,0,0,0,0,0,0,0,0,0,0,0,1,-1,0,0,0,0
15,Aaron Jones,RB,GB@CHI,0,0,0,0,0,0,0,4,8,0,0,0,0,0,0,0,0
15,Brian Hill,RB,ARI@ATL,0,0,0,0,0,0,0,3,7,0,0,0,0,0,0,0,0
15,Royce Freeman,RB,CLE@DEN,0,0,0,0,0,0,0,4,7,0,0,1,1,0,0,0,0
15,Patrick DiMarco,RB,DET@BUF,0,0,0,0,0,0,0,1,9,0,0,0,0,0,0,0,0
15,Justin Davis,RB,PHI@LA,0,0,0,0,0,0,0,1,0,0,0,0,0,0,0,0,0
15,Benny Cunningham,RB,GB@CHI,0,0,0,0,0,0,0,1,-1,0,0,0,0,0,0,0,0
15,Alfred Blue,RB,HOU@NYJ,0,0,0,0,0,0,0,9,6,0,0,2,9,0,0,0,0
15,LeGarrette Blount,RB,DET@BUF,0,0,0,0,0,0,0,7,9,0,0,0,0,0,0,0,0
16,Chris Carson,RB,KC@SEA,23,0,0,0,0,0,0,27,116,2,0,0,0,0,0,0,0
16,Alvin Kamara,RB,PIT@NO,22,0,0,0,0,0,0,7,23,2,0,4,82,0,0,0,0
16,C.J. Anderson,RB,LA@ARI,22,0,0,0,0,0,0,20,167,1,0,1,-5,0,0,0,0
16,Jamaal Williams,RB,GB@NYJ,21,0,0,0,0,0,0,15,95,1,0,6,61,0,0,0,0
16,Elijah McGuire,RB,GB@NYJ,20,0,0,0,0,0,0,14,35,1,0,3,50,1,0,0,0
16,Damien Williams,RB,KC@SEA,18,0,0,0,0,0,0,13,103,0,0,7,37,1,0,1,0
16,Sony Michel,RB,BUF@NE,17,0,0,0,0,0,0,18,116,1,0,0,0,0,0,0,0
16,Christian McCaffrey,RB,ATL@CAR,17,0,0,0,0,0,0,21,101,0,0,12,77,0,0,0,0
16,Darren Sproles,RB,HOU@PHI,16,0,0,0,0,0,0,9,32,0,0,3,76,1,0,0,0
16,Doug Martin,RB,DEN@OAK,16,0,0,0,0,0,0,21,107,1,0,1,9,0,0,0,0
16,Derrick Henry,RB,WAS@TEN,14,1,0,0,0,0,0,21,84,1,0,1,8,0,0,0,0
16,Saquon Barkley,RB,NYG@IND,13,0,0,0,0,0,0,21,43,1,0,5,34,0,0,0,0
16,Jaylen Samuels,RB,PIT@NO,12,0,0,0,0,0,0,12,53,0,0,3,11,1,0,0,0
16,David Johnson,RB,LA@ARI,12,0,0,0,0,0,0,10,35,0,0,1,32,1,0,0,0
16,Jordan Howard,RB,CHI@SF,12,0,0,0,0,0,0,13,53,1,0,2,17,0,0,0,0
16,Leonard Fournette,RB,JAX@MIA,12,0,0,0,0,0,0,18,43,1,0,3,28,0,0,0,0
16,James White,RB,BUF@NE,11,0,0,0,0,0,0,8,41,1,0,2,13,0,0,0,0
16,Jacquizz Rodgers,RB,TB@DAL,11,0,0,0,0,0,0,2,2,1,0,7,55,0,0,0,0
16,Jalen Richard,RB,DEN@OAK,11,0,0,0,0,0,0,4,11,1,0,4,40,0,0,0,0
16,Adrian Peterson,RB,WAS@TEN,11,0,0,0,0,0,0,26,119,0,0,1,8,0,0,0,0
16,Melvin Gordon,RB,BAL@LAC,11,0,0,0,0,0,0,12,41,1,0,3,13,0,0,0,0
16,Nick Chubb,RB,CIN@CLE,11,0,0,0,0,0,0,19,112,0,0,2,3,0,0,0,0
16,Nyheim Hines,RB,NYG@IND,10,0,0,0,0,0,0,2,2,1,0,4,41,0,0,0,0
16,Brian Hill,RB,ATL@CAR,10,0,0,0,0,0,0,8,115,0,0,0,0,0,0,1,0
16,Ezekiel Elliott,RB,TB@DAL,10,0,0,0,0,0,0,18,85,0,0,5,24,0,0,0,0
16,Gus Edwards,RB,BAL@LAC,10,0,0,0,0,0,0,14,92,0,0,1,13,0,0,0,0
16,Dalvin Cook,RB,MIN@DET,10,0,0,0,0,0,0,16,73,0,0,3,35,0,0,0,0
16,Charcandrick West,RB,KC@SEA,9,0,0,0,0,0,0,1,1,0,0,2,37,1,0,0,0
16,Marlon Mack,RB,NYG@IND,9,0,0,0,0,0,0,12,34,1,0,1,4,0,0,0,0
16,Mark Ingram,RB,PIT@NO,9,0,0,0,0,0,0,11,35,1,0,1,8,0,0,0,0
16,D'Onta Foreman,RB,HOU@PHI,8,0,0,0,0,0,0,7,-1,0,0,2,28,1,0,0,0
16,Joe Mixon,RB,CIN@CLE,7,0,0,0,0,0,0,17,68,0,0,2,10,0,0,0,0
16,Zach Zenner,RB,MIN@DET,6,0,0,0,0,0,0,8,45,0,0,2,22,0,0,0,0
16,Duke Johnson,RB,CIN@CLE,6,0,0,0,0,0,0,2,12,0,0,6,54,0,0,0,0
16,Rex Burkhead,RB,BUF@NE,6,0,0,0,0,0,0,13,39,0,0,4,40,0,0,1,0
16,Phillip Lindsay,RB,DEN@OAK,5,0,0,0,0,0,0,10,46,0,0,2,11,0,0,0,0
16,Kenyan Drake,RB,JAX@MIA,5,0,0,0,0,0,0,6,23,0,0,4,31,0,0,0,0
16,Tevin Coleman,RB,ATL@CAR,5,0,0,0,0,0,0,10,51,0,0,0,0,0,0,0,0
16,Brandon Bolden,RB,JAX@MIA,5,0,0,0,0,0,0,4,9,0,0,1,4,1,0,1,0
16,Peyton Barber,RB,TB@DAL,5,0,0,0,0,0,0,17,43,0,0,3,13,0,0,0,0
16,John Kelly,RB,LA@ARI,4,0,0,0,0,0,0,10,40,0,0,1,9,0,0,0,0
16,Justin Jackson,RB,BAL@LAC,4,0,0,0,0,0,0,1,-1,0,0,7,47,0,0,0,0
16,Carlos Hyde,RB,JAX@MIA,4,0,0,0,0,0,0,8,47,0,0,0,0,0,0,0,0
16,Keith Ford,RB,BUF@NE,4,0,0,0,0,0,0,7,33,0,0,2,14,0,0,0,0
16,Devontae Booker,RB,DEN@OAK,4,0,0,0,0,0,0,3,21,0,0,3,21,0,0,0,0
16,Kalen Ballage,RB,JAX@MIA,4,0,0,0,0,0,0,4,10,0,0,2,39,0,0,0,0
16,Jeffery Wilson,RB,CHI@SF,3,0,0,0,0,0,0,11,27,0,0,2,11,0,0,0,0
16,Kenneth Dixon,RB,BAL@LAC,3,0,0,0,0,0,0,8,28,0,0,2,20,0,0,1,0
16,Mike Davis,RB,KC@SEA,3,0,0,0,0,0,0,7,31,0,0,0,0,0,0,0,0
16,Alfred Blue,RB,HOU@PHI,3,0,0,0,0,0,0,4,14,0,0,4,26,0,0,0,0
16,Chris Thompson,RB,WAS@TEN,2,0,0,0,0,0,0,4,20,0,0,1,8,0,0,0,0
16,Wendell Smallwood,RB,HOU@PHI,2,0,0,0,0,0,0,1,3,0,0,4,24,0,0,0,0
16,Latavius Murray,RB,MIN@DET,2,0,0,0,0,0,0,9,22,0,0,2,6,0,0,0,0
16,Taquan Mizzell,RB,CHI@SF,2,0,0,0,0,0,0,1,1,0,0,2,27,0,0,0,0
16,Dion Lewis,RB,WAS@TEN,2,0,0,0,0,0,0,3,5,0,0,3,20,0,0,0,0
16,Royce Freeman,RB,DEN@OAK,2,0,0,0,0,0,0,7,21,0,0,0,0,0,0,0,0
16,Chase Edmonds,RB,LA@ARI,2,0,0,0,0,0,0,4,20,0,0,1,1,0,0,0,0
16,Matt Breida,RB,CHI@SF,2,0,0,0,0,0,0,4,20,0,0,1,6,0,0,0,0
16,LeGarrette Blount,RB,MIN@DET,2,0,0,0,0,0,0,11,29,0,0,2,-5,0,0,0,0
16,LeSean McCoy,RB,BUF@NE,1,0,0,0,0,0,0,6,9,0,0,3,10,0,0,0,0
16,Andy Janovich,RB,DEN@OAK,1,0,0,0,0,0,0,0,0,0,0,1,11,0,0,0,0
16,Dontrell Hilliard,RB,CIN@CLE,1,0,0,0,0,0,0,0,0,0,0,1,15,0,0,0,0
16,Wayne Gallman,RB,NYG@IND,1,0,0,0,0,0,0,2,12,0,0,0,0,0,0,0,0
16,Tarik Cohen,RB,CHI@SF,1,0,0,0,0,0,0,6,12,0,0,1,7,0,0,0,0
16,Cameron Artis-Payne,RB,ATL@CAR,1,0,0,0,0,0,0,1,7,0,0,1,13,0,0,0,0
16,Josh Adams,RB,HOU@PHI,1,0,0,0,0,0,0,11,21,0,0,0,0,0,0,1,0
16,DeAndre Washington,RB,DEN@OAK,0,0,0,0,0,0,0,1,-1,0,0,0,0,0,0,0,0
16,Dan Vitale,RB,GB@NYJ,0,0,0,0,0,0,0,0,0,0,0,1,2,0,0,0,0
16,Rod Smith,RB,TB@DAL,0,0,0,0,0,0,0,2,-7,0,0,0,0,0,0,0,0
16,Theo Riddick,RB,MIN@DET,0,0,0,0,0,0,0,3,-2,0,0,4,7,0,0,0,0
16,Elijhaa Penny,RB,NYG@IND,0,0,0,0,0,0,0,0,0,0,0,1,5,0,0,0,0
16,Ricky Ortiz,RB,ATL@CAR,0,0,0,0,0,0,0,0,0,0,0,1,4,0,0,0,0
16,Roosevelt Nix,RB,PIT@NO,0,0,0,0,0,0,0,1,4,0,0,0,0,0,0,0,0
16,C.J. Ham,RB,MIN@DET,0,0,0,0,0,0,0,1,1,0,0,0,0,0,0,0,0
16,Trenton Cannon,RB,GB@NYJ,0,0,0,0,0,0,0,2,4,0,0,1,5,0,0,0,0
16,Tommy Bohanon,RB,JAX@MIA,0,0,0,0,0,0,0,0,0,0,0,1,7,0,0,0,0
16,Giovani Bernard,RB,CIN@CLE,0,0,0,0,0,0,0,0,0,0,0,2,0,0,0,0,0
16,Kenjon Barner,RB,ATL@CAR,0,0,0,0,0,0,0,0,0,0,0,1,3,0,0,0,0
16,Stevan Ridley,RB,PIT@NO,-1,0,0,0,0,0,0,3,4,0,0,0,0,0,0,1,0
17,Jordan Howard,RB,CHI@MIN,22,0,0,0,0,0,0,21,109,2,0,1,5,0,0,0,0
17,C.J. Anderson,RB,SF@LA,21,0,0,0,0,0,0,23,132,1,0,3,22,0,0,0,0
17,Saquon Barkley,RB,DAL@NYG,19,0,0,0,0,0,0,17,109,1,0,4,33,0,0,0,0
17,Zach Zenner,RB,DET@GB,18,0,0,0,0,0,0,21,93,1,0,1,30,0,0,0,0
17,Chris Carson,RB,ARI@SEA,18,0,0,0,0,0,0,19,122,1,0,1,7,0,0,0,0
17,Alfred Morris,RB,SF@LA,17,0,0,0,0,0,0,16,111,1,0,1,4,0,0,0,0
17,Marlon Mack,RB,IND@TEN,16,0,0,0,0,0,0,25,119,1,0,3,-1,0,0,1,0
17,James White,RB,NYJ@NE,12,0,0,0,0,0,0,4,30,0,0,4,39,1,0,0,0
17,Damien Williams,RB,OAK@KC,11,0,0,0,0,0,0,11,51,1,0,1,8,0,0,0,0
17,Lamar Miller,RB,JAX@HOU,11,0,0,0,0,0,0,17,56,1,0,2,0,0,0,0,0
17,Austin Ekeler,RB,LAC@DEN,11,0,0,0,0,0,0,8,58,1,0,0,0,0,0,0,0
17,Kenneth Dixon,RB,CLE@BAL,11,0,0,0,0,0,0,12,117,0,0,1,2,0,0,0,0
17,Mike Davis,RB,ARI@SEA,11,0,0,0,0,0,0,7,44,1,0,2,12,0,0,0,0
17,Cameron Artis-Payne,RB,CAR@NO,11,0,0,0,0,0,0,16,56,1,0,2,2,0,0,0,0
17,Dwayne Washington,RB,CAR@NO,10,0,0,0,0,0,0,11,108,0,0,0,0,0,0,0,0
17,Rod Smith,RB,DAL@NYG,10,0,0,0,0,0,0,12,35,1,0,2,14,0,0,0,0
17,Joe Mixon,RB,CIN@PIT,10,0,0,0,0,0,0,13,105,0,0,1,2,0,0,0,0
17,Derrick Henry,RB,IND@TEN,10,0,0,0,0,0,0,16,93,0,0,1,13,0,0,0,0
17,Royce Freeman,RB,LAC@DEN,10,0,0,0,0,0,0,17,60,0,0,8,43,0,0,0,0
17,Tevin Coleman,RB,ATL@TB,10,0,0,0,0,0,0,8,45,1,0,1,9,0,0,0,0
17,LeSean McCoy,RB,MIA@BUF,9,0,0,0,0,0,0,10,26,1,0,2,18,0,0,0,0
17,Doug Martin,RB,OAK@KC,9,0,0,0,0,0,0,21,100,0,0,1,1,0,0,1,0
17,Andy Janovich,RB,LAC@DEN,9,0,0,0,0,0,0,0,0,0,0,2,30,1,0,0,0
17,Kenyan Drake,RB,MIA@BUF,9,0,0,0,0,0,0,11,43,0,0,5,52,0,0,0,0
17,James Conner,RB,CIN@PIT,9,0,0,0,0,0,0,14,64,0,0,3,30,0,0,0,0
17,David Johnson,RB,ARI@SEA,8,0,0,0,0,0,0,17,62,0,1,3,6,0,0,0,0
17,Chris Ivory,RB,MIA@BUF,8,0,0,0,0,0,0,14,45,0,0,1,46,0,0,0,0
17,Wayne Gallman,RB,DAL@NYG,8,0,0,0,0,0,0,6,23,1,0,1,7,0,0,0,0
17,Tarik Cohen,RB,CHI@MIN,8,0,0,0,0,0,0,5,24,1,0,2,8,0,0,0,0
17,Rex Burkhead,RB,NYJ@NE,8,0,0,0,0,0,0,5,14,0,0,1,18,1,0,0,0
17,Josh Adams,RB,PHI@WAS,8,0,0,0,0,0,0,11,50,0,0,3,33,0,0,0,0
17,Wendell Smallwood,RB,PHI@WAS,7,0,0,0,0,0,0,12,53,0,0,4,24,0,0,0,0
17,Gus Edwards,RB,CLE@BAL,7,0,0,0,0,0,0,12,76,0,0,0,0,0,0,0,0
17,Melvin Gordon,RB,LAC@DEN,6,0,0,0,0,0,0,10,42,0,0,3,24,0,0,0,0
17,Peyton Barber,RB,ATL@TB,6,0,0,0,0,0,0,15,66,0,0,1,2,0,0,0,0
17,Sony Michel,RB,NYJ@NE,5,0,0,0,0,0,0,14,50,0,0,0,0,0,0,0,0
17,Elijah McGuire,RB,NYJ@NE,5,0,0,0,0,0,0,18,41,0,0,2,24,0,0,1,0
17,Dalvin Cook,RB,CHI@MIN,5,0,0,0,0,0,0,11,39,0,0,4,21,0,0,0,0
17,Jaylen Samuels,RB,CIN@PIT,4,0,0,0,0,0,0,2,2,0,0,7,40,0,0,0,0
17,John Kelly,RB,SF@LA,4,0,0,0,0,0,0,15,30,0,0,1,18,0,0,0,0
17,Darrel Williams,RB,OAK@KC,3,0,0,0,0,0,0,11,31,0,0,0,0,0,0,0,0
17,DeAndre Washington,RB,OAK@KC,3,0,0,0,0,0,0,4,30,0,0,0,0,0,0,0,0
17,Darren Sproles,RB,PHI@WAS,3,0,0,0,0,0,0,7,24,0,0,2,12,0,0,0,0
17,Christian McCaffrey,RB,CAR@NO,3,0,0,0,0,0,0,4,18,0,0,1,22,0,0,0,0
17,Mark Ingram,RB,CAR@NO,3,0,0,0,0,0,0,5,28,0,0,2,15,0,0,0,0
17,Brian Hill,RB,ATL@TB,3,0,0,0,0,0,0,8,30,0,0,1,9,0,0,0,0
17,Devontae Booker,RB,LAC@DEN,3,0,0,0,0,0,0,5,14,0,0,5,20,0,0,0,0
17,Kalen Ballage,RB,MIA@BUF,3,0,0,0,0,0,0,12,47,0,0,1,1,0,0,1,0
17,Chris Thompson,RB,PHI@WAS,2,0,0,0,0,0,0,2,10,0,0,5,14,0,0,0,0
17,Theo Riddick,RB,DET@GB,2,0,0,0,0,0,0,4,24,0,0,0,0,0,0,0,0
17,Dion Lewis,RB,IND@TEN,2,0,0,0,0,0,0,0,0,0,0,3,23,0,0,0,0
17,Jeremy Langford,RB,ATL@TB,2,0,0,0,0,0,0,9,25,0,0,0,0,0,0,0,0
17,Duke Johnson,RB,CLE@BAL,2,0,0,0,0,0,0,4,21,0,0,1,3,0,0,0,0
17,Nyheim Hines,RB,IND@TEN,2,0,0,0,0,0,0,1,4,0,0,3,25,0,0,0,0
17,Nick Chubb,RB,CLE@BAL,2,0,0,0,0,0,0,9,24,0,0,2,-4,0,0,0,0
17,Alfred Blue,RB,JAX@HOU,2,0,0,0,0,0,0,3,12,0,0,2,12,0,0,0,0
17,Jamaal Williams,RB,DET@GB,1,0,0,0,0,0,0,8,4,0,0,3,16,0,0,0,0
17,Jordan Wilkins,RB,IND@TEN,1,0,0,0,0,0,0,3,18,0,0,1,5,0,0,0,0
17,Anthony Sherman,RB,OAK@KC,1,0,0,0,0,0,0,0,0,0,0,2,19,0,0,0,0
17,Jalen Richard,RB,OAK@KC,1,0,0,0,0,0,0,3,1,0,0,2,17,0,0,0,0
17,Latavius Murray,RB,CHI@MIN,1,0,0,0,0,0,0,2,18,0,0,0,0,0,0,0,0
17,Ty Montgomery,RB,CLE@BAL,1,0,0,0,0,0,0,2,13,0,0,1,9,0,0,0,0
17,Zach Line,RB,CAR@NO,1,0,0,0,0,0,0,3,19,0,0,0,0,0,0,0,0
17,Justin Jackson,RB,LAC@DEN,1,0,0,0,0,0,0,6,10,0,0,0,0,0,0,0,0
17,Darius Jackson,RB,DAL@NYG,1,0,0,0,0,0,0,6,16,0,0,0,0,0,0,0,0
17,Carlos Hyde,RB,JAX@HOU,1,0,0,0,0,0,0,10,13,0,0,2,6,0,0,0,0
17,Chase Edmonds,RB,ARI@SEA,1,0,0,0,0,0,0,6,14,0,0,2,4,0,0,0,0
17,Benny Cunningham,RB,CHI@MIN,1,0,0,0,0,0,0,6,13,0,0,0,0,0,0,0,0
17,Trenton Cannon,RB,NYJ@NE,1,0,0,0,0,0,0,2,16,0,0,0,0,0,0,0,0
17,Travaris Cadet,RB,CAR@NO,1,0,0,0,0,0,0,11,17,0,0,1,5,0,0,0,0
17,LeGarrette Blount,RB,DET@GB,1,0,0,0,0,0,0,11,15,0,0,0,0,0,0,0,0
17,Kapri Bibbs,RB,DET@GB,1,0,0,0,0,0,0,1,2,0,0,3,13,0,0,0,0
17,Jeffery Wilson,RB,SF@LA,0,0,0,0,0,0,0,3,9,0,0,0,0,0,0,0,0
17,David Williams,RB,JAX@HOU,0,0,0,0,0,0,0,2,2,0,0,0,0,0,0,0,0
17,Charcandrick West,RB,OAK@KC,0,0,0,0,0,0,0,1,-2,0,0,0,0,0,0,0,0
17,Derek Watt,RB,LAC@DEN,0,0,0,0,0,0,0,1,8,0,0,0,0,0,0,0,0
17,Jacquizz Rodgers,RB,ATL@TB,0,0,0,0,0,0,0,3,3,0,0,1,2,0,0,0,0
17,Adrian Peterson,RB,PHI@WAS,0,0,0,0,0,0,0,4,0,0,0,0,0,0,0,0,0
17,Samaje Perine,RB,PHI@WAS,0,0,0,0,0,0,0,3,7,0,0,0,0,0,0,0,0
17,Rashaad Penny,RB,ARI@SEA,0,0,0,0,0,0,0,4,6,0,0,0,0,0,0,0,0
17,Elijhaa Penny,RB,DAL@NYG,0,0,0,0,0,0,0,0,0,0,0,1,6,0,0,0,0
17,Roosevelt Nix,RB,CIN@PIT,0,0,0,0,0,0,0,0,0,0,0,1,2,0,0,0,0
17,Kyle Juszczyk,RB,SF@LA,0,0,0,0,0,0,0,2,9,0,0,1,15,0,0,1,0
17,De'Angelo Henderson,RB,NYJ@NE,0,0,0,0,0,0,0,2,19,0,0,0,0,0,0,1,0
17,James Develin,RB,NYJ@NE,0,0,0,0,0,0,0,0,0,0,0,1,2,0,0,0,0
17,Brandon Bolden,RB,MIA@BUF,0,0,0,0,0,0,0,0,0,0,0,1,9,0,0,0,0
17,Giovani Bernard,RB,CIN@PIT,0,0,0,0,0,0,0,3,7,0,0,2,8,0,0,0,0
